arrival_unix_ns,service_ms,queue_ms,response_ms,status_code
1774346919164175872,4.076708,0.804049,4.880757,200
1774346919161683968,0.951668,3.133771,4.085439,201
1774346919156210944,1.667316,1.345600,3.012916,200
1774346919175446016,3.157926,26.333540,29.491466,200
1774346919195902208,1.541530,13.546966,15.088496,201
1774346919172358144,3.523939,0.975542,4.499481,200
1774346919187345152,4.099762,13.335086,17.434848,201
1774346919170429952,2.920155,23.151362,26.071517,201
1774346919187489024,1.574100,0.526446,2.100546,200
1774346919273540864,2.093036,5.227736,7.320772,200
1774346919272846080,0.951287,0.853470,1.804757,200
1774346919399406080,7.635253,0.890155,8.525408,200
1774346919423659008,3.019252,0.619048,3.638300,200
1774346919459953920,2.794020,2.206180,5.000200,201
1774346919474713088,0.942306,0.818827,1.761133,200
1774346919569054976,1.257822,0.891003,2.148825,200
1774346919706875136,2.504517,0.558762,3.063279,200
1774346920090771968,4.032676,2.002539,6.035215,200
1774346920174731008,4.810512,1.577305,6.387817,200
1774346920276815872,3.074999,2.764847,5.839846,200
1774346920372143872,2.038938,4.259320,6.298258,201
1774346920372723968,1.461945,1.770061,3.232006,200
1774346920406670080,1.485815,2.951646,4.437461,201
1774346920434752000,0.608226,5.416463,6.024689,201
1774346920478631936,6.378097,2.629545,9.007642,200
1774346920517831168,0.711267,2.538061,3.249328,200
1774346920542537984,1.555028,3.000941,4.555969,201
1774346920841120000,2.426576,1.283729,3.710305,200
1774346920932389120,1.402924,3.037446,4.440370,201
1774346921087478016,1.092877,4.064982,5.157859,201
1774346921119981056,1.077263,0.838513,1.915776,200
1774346921229542144,1.448897,0.585948,2.034845,200
1774346921367773952,1.206931,1.253591,2.460522,200
1774346921513295872,2.915205,1.233895,4.149100,200
1774346921511069184,1.660513,2.982013,4.642526,201
1774346921549447936,1.263323,4.121776,5.385099,201
1774346921849052928,1.354085,0.976780,2.330865,200
1774346921903819008,2.179945,0.908870,3.088815,200
1774346921941137920,1.399073,0.744695,2.143768,200
1774346922005292032,1.214389,3.601772,4.816161,201
1774346922034625024,2.834736,1.024489,3.859225,200
1774346922066855936,1.752935,0.549189,2.302124,200
1774346922307853056,2.370046,0.747192,3.117238,200
1774346922343090944,1.521907,1.004020,2.525927,200
1774346922409256960,3.443153,4.188049,7.631202,201
1774346922414856960,1.267416,2.973862,4.241278,201
1774346922521548032,1.873242,1.133740,3.006982,200
1774346922577990912,1.969619,3.493568,5.463187,201
1774346922633966848,1.425107,0.835529,2.260636,200
1774346922706348032,1.417966,0.815632,2.233598,200
1774346922919162880,0.625965,2.889076,3.515041,201
1774346923050448896,1.756680,0.557344,2.314024,200
1774346923131827200,1.665877,2.983868,4.649745,201
1774346923239734016,2.387342,2.572375,4.959717,201
1774346923299475968,2.574269,1.060487,3.634756,200
1774346923623662848,2.367391,0.568315,2.935706,200
1774346923658091008,3.013677,0.527726,3.541403,200
1774346923678469888,2.386929,0.913640,3.300569,200
1774346923913296896,0.788150,4.139505,4.927655,201
1774346924002778112,1.775626,1.545560,3.321186,200
1774346924020452096,0.823334,1.132914,1.956248,200
1774346924100089088,1.982609,0.605264,2.587873,200
1774346924181025024,3.015931,4.504368,7.520299,201
1774346924233798912,2.484704,3.351047,5.835751,201
1774346924502091008,2.029957,0.936530,2.966487,200
1774346924688805120,1.494393,0.556435,2.050828,200
1774346924694836992,1.903389,0.517824,2.421213,200
1774346925005009920,1.393202,3.257590,4.650792,201
1774346925075681024,1.825523,3.355079,5.180602,201
1774346925227731968,4.533004,0.888495,5.421499,200
1774346925243015936,4.024086,0.634058,4.658144,200
1774346925328873984,1.674614,2.558635,4.233249,201
1774346925542643968,1.275382,1.153860,2.429242,200
1774346925582432000,1.516999,1.007140,2.524139,200
1774346925705512960,1.708454,2.368724,4.077178,201
1774346925745763072,1.090866,0.566294,1.657160,200
1774346925870671872,3.873642,0.923541,4.797183,200
1774346925936069120,2.586424,2.050224,4.636648,201
1774346925960822016,3.266622,6.113943,9.380565,200
1774346926067933184,0.930791,3.619203,4.549994,201
1774346926087493888,1.450903,5.178049,6.628952,201
1774346926185291008,1.390903,2.684023,4.074926,201
1774346926433840128,1.724532,0.932018,2.656550,200
1774346926442092800,2.432461,3.378019,5.810480,201
1774346926559958016,3.288178,2.312312,5.600490,201
1774346926576731904,2.573225,1.166380,3.739605,200
1774346926672882944,2.796913,0.876292,3.673205,200
1774346926825264896,2.266423,0.535610,2.802033,200
1774346926846452992,1.810417,3.290483,5.100900,201
1774346926926152960,2.448497,0.778835,3.227332,200
1774346926973117184,1.303581,0.797283,2.100864,200
1774346927092817920,2.684857,0.880185,3.565042,200
1774346927104896000,1.339345,0.793814,2.133159,200
1774346927151403776,2.036231,0.815668,2.851899,200
1774346927178215936,1.775265,3.124818,4.900083,201
1774346927238904832,2.683662,0.917527,3.601189,200
1774346927273899008,2.121756,2.402047,4.523803,201
1774346927552809984,3.284306,0.993298,4.277604,200
1774346927755681024,3.771943,0.597312,4.369255,200
1774346927759251200,1.655328,0.939455,2.594783,200
1774346927950212096,1.254127,0.925597,2.179724,200
1774346928225015040,1.639313,0.534763,2.174076,200
1774346928244662016,2.312608,0.926307,3.238915,200
1774346928269762048,0.737442,0.514601,1.252043,200
1774346928277523968,1.737236,0.515215,2.252451,200
1774346928722834176,0.988169,2.775915,3.764084,201
1774346928884210176,2.888098,0.755361,3.643459,200
1774346928944624896,1.349871,0.671529,2.021400,200
1774346929511256064,1.832165,0.910386,2.742551,200
1774346929644893952,3.080928,3.804799,6.885727,201
1774346929684269056,3.701893,0.908293,4.610186,200
1774346929774262784,1.470304,1.000852,2.471156,200
1774346929921011968,1.879027,2.139516,4.018543,201
1774346930012107008,2.462069,1.072414,3.534483,200
1774346930258675200,2.749957,2.618076,5.368033,201
1774346930558135040,0.390264,3.583650,3.973914,201
1774346930577862144,1.542966,0.899956,2.442922,200
1774346930698235136,1.517684,3.754965,5.272649,201
1774346930744841984,1.210523,1.083637,2.294160,200
1774346930715557120,1.670075,1.459154,3.129229,200
1774346930842706944,1.435067,1.023606,2.458673,200
1774346930937673216,2.266106,0.918627,3.184733,200
1774346931228116992,2.279679,3.466855,5.746534,201
1774346931362157056,1.294514,3.686905,4.981419,201
1774346931424226048,1.229045,0.843500,2.072545,200
1774346931459863040,1.520625,1.006987,2.527612,200
1774346931593924096,1.645195,3.382530,5.027725,201
1774346931658199040,2.697858,0.889653,3.587511,200
1774346932250874112,1.974338,2.540718,4.515056,201
1774346932271072000,0.804117,2.088254,2.892371,201
1774346932554845952,1.905462,0.795136,2.700598,200
1774346932781655040,1.397356,1.308933,2.706289,200
1774346932808152832,0.952297,0.632930,1.585227,200
1774346932924087040,0.606695,0.704396,1.311091,200
1774346933419518976,2.583296,1.235942,3.819238,200
1774346933419749120,2.240523,1.084727,3.325250,200
1774346933422596096,0.542427,0.781944,1.324371,200
1774346933717863936,1.922122,3.877060,5.799182,201
1774346933732728832,2.345677,3.280053,5.625730,201
1774346933814033152,2.117313,3.525406,5.642719,201
1774346933915898112,0.844706,0.743905,1.588611,200
1774346933939624192,1.683403,0.893652,2.577055,200
1774346933971072000,3.586834,1.104889,4.691723,200
1774346933544538880,0.967604,0.530320,1.497924,200
1774346933553324032,1.705512,0.606789,2.312301,200
1774346933579709952,2.656222,3.102366,5.758588,201
1774346932877451776,2.092317,0.817625,2.909942,200
1774346932888195072,4.412753,1.560240,5.972993,200
1774346932954499840,2.601903,5.013164,7.615067,201
1774346932966415872,1.303654,0.870421,2.174075,200
1774346933179209984,1.512691,0.565524,2.078215,200
1774346933262880000,1.528262,0.954720,2.482982,200
1774346933358696960,1.804344,2.528532,4.332876,201
1774346933388834048,1.198570,0.825622,2.024192,200
1774346933612986112,2.077126,0.859599,2.936725,200
1774346933826925056,4.861229,0.652022,5.513251,200
1774346933846963968,1.608774,1.998677,3.607451,201
1774346933867268096,2.018628,0.841935,2.860563,200
1774346934083900928,3.569824,0.584163,4.153987,200
1774346934186914048,2.580736,2.240317,4.821053,201
1774346934465373952,1.605939,0.552608,2.158547,200
1774346934870091008,0.953698,1.015084,1.968782,200
1774346935089948928,1.315813,3.662479,4.978292,201
1774346935226638080,3.145674,0.626796,3.772470,200
1774346935507620096,1.221400,0.917545,2.138945,200
1774346935718385920,1.064904,0.587507,1.652411,200
1774346935750624000,3.093066,0.948923,4.041989,200
1774346935764326144,1.379977,0.724272,2.104249,200
1774346935975801088,1.339661,3.029072,4.368733,201
1774346936164627200,1.276903,0.655525,1.932428,200
1774346936187001856,0.861281,0.548596,1.409877,200
1774346936236529152,1.475055,2.956436,4.431491,201
1774346936238799104,0.812506,1.191743,2.004249,200
1774346936500252928,1.051406,1.078952,2.130358,200
1774346936487369984,3.292274,1.102684,4.394958,200
1774346936573901056,1.949686,0.893136,2.842822,200
1774346936617510144,1.212761,0.787590,2.000351,200
1774346936630368000,3.600481,0.692100,4.292581,200
1774346936684977920,1.213226,2.596834,3.810060,201
1774346936666747136,0.882162,0.573322,1.455484,200
1774346936745615872,3.602889,0.934010,4.536899,200
1774346936783474944,3.145367,1.068834,4.214201,200
1774346936858092032,1.526375,0.601702,2.128077,200
1774346936949367040,6.085549,2.851113,8.936662,201
1774346937090877184,1.822986,2.581784,4.404770,201
1774346937363056896,2.460776,0.961103,3.421879,200
1774346937490857984,3.228617,0.941161,4.169778,200
1774346937607960832,1.033568,1.011671,2.045239,200
1774346937612590080,5.791818,1.318612,7.110430,200
1774346937663012864,1.147763,0.819520,1.967283,200
1774346937852123136,1.688385,1.035298,2.723683,200
1774346937891574016,1.621422,1.321590,2.943012,200
1774346937945312000,1.151977,0.974431,2.126408,200
1774346937982481920,2.224655,3.093339,5.317994,201
1774346938045340160,1.356846,0.865601,2.222447,200
1774346938178976000,2.555105,0.992017,3.547122,200
1774346938286995968,2.649845,1.030367,3.680212,200
1774346938355747840,2.175088,3.651694,5.826782,201
1774346938390379008,1.121389,0.979469,2.100858,200
1774346938472194048,1.678076,0.933134,2.611210,200
1774346938537630208,4.377827,1.022763,5.400590,200
1774346938566409984,2.313829,1.016224,3.330053,200
1774346938824495104,2.212688,1.100339,3.313027,200
1774346938832404992,0.527441,4.882031,5.409472,201
1774346938906977792,0.642925,1.025012,1.667937,200
1774346938950305024,1.122055,0.951807,2.073862,200
1774346939092178176,1.916395,1.182289,3.098684,200
1774346939123260928,1.489937,7.050236,8.540173,201
1774346939118530048,0.724832,3.507229,4.232061,201
1774346939211329024,2.525268,0.767586,3.292854,200
1774346939209028864,2.009022,1.314588,3.323610,200
1774346939302928896,2.409879,3.866578,6.276457,201
1774346939427188992,5.784714,0.965327,6.750041,200
1774346939458545920,1.191521,0.985468,2.176989,200
1774346939468760064,2.507471,0.906507,3.413978,200
1774346939631364096,2.704303,3.626653,6.330956,201
1774346939673629952,0.623237,3.738060,4.361297,201
1774346940007844864,2.908750,0.978756,3.887506,200
1774346940016139008,1.360257,8.747357,10.107614,201
1774346940269331968,1.510385,1.063045,2.573430,200
1774346940385602048,0.647011,0.908219,1.555230,200
1774346940845343232,2.486843,1.043158,3.530001,200
1774346941161243904,3.312447,0.710098,4.022545,200
1774346941263139840,2.935418,0.964049,3.899467,200
1774346941338507776,1.235934,1.143426,2.379360,200
1774346941421199104,2.717421,1.249178,3.966599,200
1774346941561851904,1.953741,0.870576,2.824317,200
1774346941602482944,1.536346,3.674139,5.210485,201
1774346941700443136,1.441594,0.683969,2.125563,200
1774346941777105152,3.586328,0.777356,4.363684,200
1774346941811814912,2.750839,3.603501,6.354340,201
1774346941921180928,1.648112,0.852494,2.500606,200
1774346941867518976,2.457915,4.925032,7.382947,201
1774346941928608768,1.074579,3.491730,4.566309,201
1774346942028646912,2.086146,0.834042,2.920188,200
1774346942035998976,1.754206,0.983092,2.737298,200
1774346942120685056,1.074558,1.008239,2.082797,200
1774346942142792960,1.315032,1.162242,2.477274,200
1774346942390809088,2.009398,0.871984,2.881382,200
1774346942518433024,0.702025,0.766476,1.468501,200
1774346942672656896,2.021662,1.165763,3.187425,200
1774346942683955968,0.474742,0.769228,1.243970,200
1774346942826919168,3.521912,1.149708,4.671620,200
1774346943145689856,1.509441,1.038313,2.547754,200
1774346943296073984,0.997318,0.607773,1.605091,200
1774346943445286144,2.248108,4.457829,6.705937,200
1774346943443769856,3.794785,8.077496,11.872281,201
1774346943447240192,1.197618,0.791892,1.989510,200
1774346943543031040,1.468977,0.982789,2.451766,200
1774346943557761792,1.308157,1.023359,2.331516,200
1774346943593480960,1.425929,0.900736,2.326665,200
1774346943578771200,2.127679,1.317211,3.444890,200
1774346943661117184,4.240944,3.767695,8.008639,201
1774346943767463936,3.380110,3.736180,7.116290,201
1774346943832529152,1.008935,3.047657,4.056592,201
1774346943884311040,0.818007,3.246115,4.064122,201
1774346943927560192,2.229321,0.694421,2.923742,200
1774346943975992064,3.044014,1.056569,4.100583,200
1774346944176646912,0.849714,2.064498,2.914212,201
1774346944171302912,3.681541,3.028828,6.710369,201
1774346944257836032,0.871953,0.873732,1.745685,200
1774346944301420032,1.964517,0.834623,2.799140,200
1774346944520161024,0.740107,0.754901,1.495008,200
1774346944610953984,1.959349,1.011488,2.970837,200
1774346944635166976,1.549939,3.979835,5.529774,201
1774346944653372928,1.995546,3.638444,5.633990,201
1774346944786699008,1.706968,0.998534,2.705502,200
1774346944798119936,2.035248,0.723206,2.758454,200
1774346944955333888,1.204755,3.205820,4.410575,201
1774346945046189056,1.937270,1.289063,3.226333,200
1774346945059578880,4.967728,0.873139,5.840867,200
1774346945418874112,3.304498,0.927772,4.232270,200
1774346945413310976,2.285058,11.609425,13.894483,201
1774346945571706112,0.939962,1.037412,1.977374,200
1774346945590586880,0.947439,1.083923,2.031362,200
1774346945601742080,2.035577,0.908171,2.943748,200
1774346945702842112,2.867657,3.523437,6.391094,201
1774346945868118016,0.832294,0.548034,1.380328,200
1774346945954405120,3.795463,3.182563,6.978026,201
1774346946391174912,2.017605,0.798818,2.816423,200
1774346946435740928,2.703141,1.203507,3.906648,200
1774346946494513152,0.723152,0.871519,1.594671,200
1774346946530379008,3.177427,1.086540,4.263967,200
1774346946731725056,1.095795,2.326644,3.422439,201
1774346947052710912,1.484217,0.620862,2.105079,200
1774346947239855104,0.708040,0.600466,1.308506,200
1774346947300788992,1.606744,0.907662,2.514406,200
1774346947685506048,1.877827,3.403541,5.281368,201
1774346947832894976,0.429670,0.529842,0.959512,200
1774346947901490944,1.238581,0.682983,1.921564,200
1774346948039159040,1.373751,2.568702,3.942453,201
1774346948241360896,0.967232,0.600265,1.567497,200
1774346948252655872,2.082628,0.907250,2.989878,200
1774346948283106048,1.007081,0.923326,1.930407,200
1774346948387574784,2.289706,1.226189,3.515895,200
1774346948380532992,1.357655,0.802556,2.160211,200
1774346948413625088,1.466500,3.094295,4.560795,201
1774346948572658944,1.551484,0.767028,2.318512,200
1774346948805644032,1.837977,1.066768,2.904745,200
1774346948833161216,3.042638,3.318275,6.360913,201
1774346949144120832,1.222229,3.124785,4.347014,201
1774346949280438784,2.062517,0.908701,2.971218,200
1774346949427588864,1.375213,0.972961,2.348174,200
1774346949538706176,1.799980,0.535454,2.335434,200
1774346949707401984,2.029127,3.511343,5.540470,201
1774346949781390848,2.332500,0.581840,2.914340,200
1774346949797487104,6.343598,0.916695,7.260293,200
1774346949839184896,1.953568,0.620365,2.573933,200
1774346949896462080,0.937569,0.599747,1.537316,200
1774346949938396928,2.194046,0.795037,2.989083,200
1774346949972663040,1.019970,3.817268,4.837238,201
1774346949988730880,1.076955,3.625138,4.702093,201
1774346950003494912,1.329517,0.640020,1.969537,200
1774346950151390976,1.462941,2.997175,4.460116,201
1774346950178560000,1.071141,0.988189,2.059330,200
1774346950321129984,2.386192,0.830609,3.216801,200
1774346950392515072,0.956800,3.040396,3.997196,201
1774346950404960000,2.180974,3.370166,5.551140,201
1774346950431648000,1.310907,3.777942,5.088849,201
1774346950435403008,0.872316,0.727229,1.599545,200
1774346950468947968,1.210718,1.151992,2.362710,200
1774346950565319168,0.954668,0.832157,1.786825,200
1774346950581041152,0.937288,0.897341,1.834629,200
1774346950641159168,1.121812,1.124618,2.246430,200
1774346950728549888,2.099852,0.881435,2.981287,200
1774346950834832896,2.122885,0.972260,3.095145,200
1774346950832029184,2.857844,5.044125,7.901969,201
1774346950863992064,1.442336,1.142279,2.584615,200
1774346950917825024,1.845086,3.300273,5.145359,201
1774346951024837120,5.280532,7.408850,12.689382,201
1774346951053291008,1.829274,1.638282,3.467556,200
1774346951079507968,1.717442,1.063107,2.780549,200
1774346951096928000,1.024636,0.867660,1.892296,200
1774346951189615872,2.802033,0.820907,3.622940,200
1774346951216133120,0.949546,0.540202,1.489748,200
1774346951279788032,2.505846,0.912963,3.418809,200
1774346951488683008,1.661271,0.626171,2.287442,200
1774346951542496000,1.860514,0.558685,2.419199,200
1774346951629852928,1.894480,0.616870,2.511350,200
1774346951938973952,1.675322,2.151178,3.826500,201
1774346951963088128,2.222363,0.612937,2.835300,200
1774346951982173952,2.746838,3.093502,5.840340,201
1774346951992165120,1.792510,2.541401,4.333911,201
1774346952053068032,1.683445,0.860577,2.544022,200
1774346952092168960,0.981178,2.895755,3.876933,201
1774346952221213184,1.315583,0.661621,1.977204,200
1774346952300148992,3.100787,0.550159,3.650946,200
1774346952556569088,2.273560,0.939387,3.212947,200
1774346952661068800,1.303877,0.556616,1.860493,200
1774346952973552896,1.690995,0.890226,2.581221,200
1774346953031217152,3.610215,0.590338,4.200553,200
1774346953282932992,1.036703,0.851001,1.887704,200
1774346953296345856,1.350006,3.344684,4.694690,201
1774346953331216128,1.508549,0.580805,2.089354,200
1774346953419707904,2.670552,3.913771,6.584323,201
1774346953436512000,2.209076,0.605767,2.814843,200
1774346953560899072,2.357227,0.602057,2.959284,200
1774346953633876992,0.734683,0.881848,1.616531,200
1774346953644606976,1.159055,4.133301,5.292356,201
1774346953743160064,1.255086,2.960355,4.215441,201
1774346953721297920,1.911309,0.849474,2.760783,200
1774346954079845888,1.468040,1.060754,2.528794,200
1774346954170134016,1.905562,0.608704,2.514266,200
1774346954992563968,1.331151,0.882527,2.213678,200
1774346955073782016,3.140425,2.606620,5.747045,201
1774346955195094016,1.418954,0.590338,2.009292,200
1774346955284893952,2.651167,0.957097,3.608264,200
1774346955308525056,2.041497,0.882676,2.924173,200
1774346955412478976,0.725118,1.550425,2.275543,200
1774346955424165888,0.936036,0.553033,1.489069,200
1774346955465401856,3.120755,0.596924,3.717679,200
1774346955672556032,4.161190,0.848106,5.009296,200
1774346955797952768,1.573532,3.356179,4.929711,201
1774346956137406208,1.077922,0.759316,1.837238,200
1774346956196156928,1.777059,0.886451,2.663510,200
1774346956231933184,3.073836,1.123690,4.197526,200
1774346956601263872,0.724090,0.867469,1.591559,200
1774346956677201920,0.803833,0.802975,1.606808,200
1774346956791719936,0.679965,0.801447,1.481412,200
1774346956847538944,1.455518,3.188049,4.643567,201
1774346956902475008,2.068145,0.773082,2.841227,200
1774346956999267072,3.082346,0.578112,3.660458,200
1774346957034575872,1.804460,0.554761,2.359221,200
1774346957303240960,1.929028,0.781205,2.710233,200
1774346957428059136,2.288523,3.103650,5.392173,201
1774346957810801920,2.150318,0.594940,2.745258,200
1774346957840837120,0.940257,3.164264,4.104521,201
1774346957926477056,1.563733,0.707166,2.270899,200
1774346957935444224,2.032218,1.053235,3.085453,200
1774346958245820928,1.782965,0.708661,2.491626,200
1774346958241105152,1.612152,1.156277,2.768429,200
1774346958281800960,1.456557,1.110709,2.567266,200
1774346958354440960,2.348755,2.348405,4.697160,201
1774346958547117056,2.127044,1.060746,3.187790,200
1774346958576132096,0.859340,0.892406,1.751746,200
1774346958645906944,1.221601,1.049347,2.270948,200
1774346958702738944,1.953682,1.064711,3.018393,200
1774346958912954112,1.456802,2.343803,3.800605,201
1774346959087693824,1.731825,1.296508,3.028333,200
1774346959363909888,2.730490,1.036194,3.766684,200
1774346959545566208,1.771267,3.279013,5.050280,201
1774346959582611200,2.645950,0.918694,3.564644,200
1774346960364908032,2.267945,0.906798,3.174743,200
1774346960363723008,3.729366,4.908181,8.637547,200
1774346960369415168,1.774058,1.338487,3.112545,200
1774346960459158784,0.970708,0.855861,1.826569,200
1774346960487153920,1.684938,3.578348,5.263286,201
1774346960618128128,0.915352,0.968846,1.884198,200
1774346960644110848,1.593536,0.949633,2.543169,200
1774346960647416064,4.535386,0.773807,5.309193,200
1774346960787954176,0.540635,0.611514,1.152149,200
1774346960826620928,0.774304,0.888091,1.662395,200
1774346961008027904,0.888863,0.559880,1.448743,200
1774346961079016960,0.732545,2.550244,3.282789,201
1774346961152687104,1.115457,0.811503,1.926960,200
1774346961409848832,1.936254,0.912889,2.849143,200
1774346961436232192,3.007712,0.910827,3.918539,200
1774346961555335936,2.141361,0.944082,3.085443,200
1774346961580697088,0.750723,0.795621,1.546344,200
1774346961516871936,0.744992,0.937991,1.682983,200
1774346961934328064,1.522499,0.926380,2.448879,200
1774346962069489920,2.123492,0.563221,2.686713,200
1774346962261161984,3.131198,0.973636,4.104834,200
1774346962467372032,3.083794,0.627818,3.711612,200
1774346962508527104,1.527892,0.975740,2.503632,200
1774346961961014016,2.704033,2.907756,5.611789,201
1774346961959225856,1.430853,0.597301,2.028154,200
1774346962075175168,3.160022,0.933434,4.093456,200
1774346961798564864,1.723535,0.644600,2.368135,200
1774346961861590016,7.113256,3.343135,10.456391,201
1774346961964812032,1.475835,1.180488,2.656323,200
1774346962028111872,1.443584,0.619740,2.063324,200
1774346962281462016,0.920967,2.143095,3.064062,201
1774346962459716096,0.824974,2.591705,3.416679,201
1774346962493618944,1.622593,2.237523,3.860116,201
1774346962585810944,0.327671,0.889193,1.216864,200
1774346962739348992,0.616579,3.374308,3.990887,201
1774346962748295168,1.150225,0.724742,1.874967,200
1774346962847151104,1.367989,2.256472,3.624461,201
1774346963104984064,1.491612,3.365023,4.856635,201
1774346963171934976,1.275021,2.065185,3.340206,201
1774346963202800128,4.975056,3.019519,7.994575,201
1774346963393046016,1.650890,0.889191,2.540081,200
1774346963493859072,1.147454,2.769626,3.917080,201
1774346963553988864,1.594487,0.788515,2.383002,200
1774346963647686912,2.225024,0.576376,2.801400,200
1774346963707703040,0.480881,2.412769,2.893650,201
1774346963905286144,1.306680,3.110134,4.416814,201
1774346963957042944,1.348903,0.936637,2.285540,200
1774346964028214016,1.871287,0.974885,2.846172,200
1774346964073635072,0.911852,1.304111,2.215963,200
1774346964111224832,1.780444,1.045446,2.825890,200
1774346964223570176,0.854592,2.589115,3.443707,201
1774346964315470848,1.427638,1.057765,2.485403,200
1774346964455746048,2.404996,2.462001,4.866997,201
1774346964557765888,2.440081,0.994753,3.434834,200
1774346964802166016,1.187668,3.060975,4.248643,201
1774346964974770176,1.142707,0.703160,1.845867,200
1774346965029911040,3.684607,0.770317,4.454924,200
1774346965120549888,1.381757,0.845531,2.227288,200
1774346965291726080,1.681566,0.944980,2.626546,200
1774346965455367936,1.115721,0.895494,2.011215,200
1774346965716283136,1.355914,0.956040,2.311954,200
1774346965736696064,3.933432,1.648702,5.582134,200
1774346965840621824,3.668777,1.133930,4.802707,200
1774346965857867008,1.784209,3.724534,5.508743,201
1774346965988894976,1.659212,3.738493,5.397705,201
1774346965994894080,0.890931,0.868434,1.759365,200
1774346966376795136,1.530239,0.987541,2.517780,200
1774346966648534016,1.924261,1.421148,3.345409,200
1774346966665575936,2.681687,1.113130,3.794817,200
1774346966732579072,1.552932,0.843757,2.396689,200
1774346966893448960,2.247550,0.883476,3.131026,200
1774346966917519104,1.019810,0.951908,1.971718,200
1774346966920022016,2.698983,1.216322,3.915305,200
1774346967113803008,0.682862,0.730214,1.413076,200
1774346967523528960,0.737488,0.636113,1.373601,200
1774346967695395072,1.709872,0.887842,2.597714,200
1774346967859111168,1.740246,2.383431,4.123677,201
1774346967941090048,1.158736,0.916132,2.074868,200
1774346968060339968,3.189135,0.932709,4.121844,200
1774346968152971008,1.754539,0.834866,2.589405,200
1774346968449457920,1.397240,2.786175,4.183415,201
1774346968477561088,2.192397,3.704574,5.896971,201
1774346968705560064,1.125266,1.012548,2.137814,200
1774346968965365760,2.264656,3.628329,5.892985,201
1774346968974242816,2.200484,2.242281,4.442765,200
1774346969227974912,2.030318,0.908827,2.939145,200
1774346969339500800,2.176518,3.737823,5.914341,201
1774346969594542080,2.202408,0.879628,3.082036,200
1774346969662092032,1.658070,2.879234,4.537304,201
1774346969892582912,0.857024,2.173779,3.030803,201
1774346969954498048,2.696868,0.755450,3.452318,200
1774346970098424832,2.084426,1.126799,3.211225,200
1774346970155141120,3.995239,0.629442,4.624681,200
1774346970172488960,1.865322,0.888285,2.753607,200
1774346970188632064,4.474708,1.183433,5.658141,200
1774346970239845888,2.211543,0.639591,2.851134,200
1774346970243552000,3.844610,1.220773,5.065383,200
1774346970339428864,0.517031,0.692324,1.209355,200
1774346970509767168,2.882162,3.030328,5.912490,201
1774346970631727104,0.968071,0.919938,1.888009,200
1774346971040011776,2.712578,0.851358,3.563936,200
1774346971086788864,0.892778,3.067414,3.960192,201
1774346971123174912,1.265038,0.761157,2.026195,200
1774346971173413888,1.033734,0.945057,1.978791,200
1774346971272052992,1.068801,0.467248,1.536049,200
1774346971273511936,0.921365,0.514631,1.435996,200
1774346971303312128,1.179616,3.087131,4.266747,201
1774346971419019008,1.586815,2.333522,3.920337,201
1774346971544905984,1.856125,3.377902,5.234027,201
1774346971574310144,3.466346,0.646231,4.112577,200
1774346971626245120,0.696573,2.924251,3.620824,201
1774346971855747072,2.241250,3.619830,5.861080,201
1774346972066056960,1.714567,3.773493,5.488060,201
1774346972080670208,2.481021,3.899457,6.380478,201
1774346972101212928,2.265327,3.270601,5.535928,201
1774346972099749120,1.625657,1.891783,3.517440,200
1774346972264438016,2.426025,4.041788,6.467813,201
1774346972305763072,1.777724,2.634440,4.412164,201
1774346972313016064,0.904461,0.860957,1.765418,200
1774346972390402048,1.314853,0.579014,1.893867,200
1774346972458157056,0.766592,0.545163,1.311755,200
1774346972536736000,1.676455,3.735761,5.412216,201
1774346972614233088,1.842159,0.742161,2.584320,200
1774346972611835904,4.500471,0.789216,5.289687,200
1774346972841316096,1.514143,0.961497,2.475640,200
1774346972891654912,2.285240,0.949286,3.234526,200
1774346972896423936,2.097069,0.594587,2.691656,200
1774346972951406080,1.567649,0.547753,2.115402,200
1774346973021419008,1.079721,0.740586,1.820307,200
1774346973031856128,1.866844,3.041154,4.907998,201
1774346973147100928,0.943249,2.274392,3.217641,201
1774346973164759040,1.967426,0.901839,2.869265,200
1774346973252439040,1.407124,1.068960,2.476084,200
1774346973799182848,1.480335,0.845395,2.325730,200
1774346973862085120,3.065078,0.692747,3.757825,200
1774346973883523840,1.391066,1.005961,2.397027,200
1774346974076015872,1.986529,1.000306,2.986835,200
1774346974237099776,2.406816,0.820890,3.227706,200
1774346974255446016,1.214736,0.793725,2.008461,200
1774346974282059008,1.811897,0.659614,2.471511,200
1774346974345709056,1.931312,0.769985,2.701297,200
1774346974358565120,2.119863,0.838512,2.958375,200
1774346974474081024,0.997187,0.902610,1.899797,200
1774346974491465216,1.334178,1.323647,2.657825,200
1774346974501741056,4.516774,0.911048,5.427822,200
1774346974513016064,1.044560,3.155594,4.200154,201
1774346974650914816,1.041245,0.950500,1.991745,200
1774346974737281024,2.995868,1.114008,4.109876,200
1774346974823816960,3.786297,0.645232,4.431529,200
1774346974840552960,2.503651,0.598716,3.102367,200
1774346974953178880,1.150727,0.923798,2.074525,200
1774346975165862912,1.519933,0.729282,2.249215,200
1774346975530924032,1.523689,0.714503,2.238192,200
1774346975578417152,3.593156,3.592114,7.185270,200
1774346975621676800,1.185860,1.510792,2.696652,200
1774346975632689920,1.121444,3.855802,4.977246,201
1774346975827339776,2.140548,0.880382,3.020930,200
1774346975977651968,1.349210,0.688637,2.037847,200
1774346976155368960,1.264207,0.887322,2.151529,200
1774346976537377024,1.595625,0.776169,2.371794,200
1774346976659248128,1.967656,0.947813,2.915469,200
1774346976673115136,1.317610,0.797146,2.114756,200
1774346976831697920,0.641287,2.385292,3.026579,201
1774346976857431808,2.400145,1.138424,3.538569,200
1774346976896872960,1.260029,0.704094,1.964123,200
1774346976895798016,1.310850,0.948722,2.259572,200
1774346976982248192,1.764456,0.927828,2.692284,200
1774346976996939008,4.321545,4.816762,9.138307,200
1774346976999399936,2.273071,1.087951,3.361022,200
1774346977023480064,2.084723,1.021622,3.106345,200
1774346977092602112,4.709830,0.845132,5.554962,200
1774346977204706816,1.402824,0.858197,2.261021,200
1774346977290147072,1.854291,4.492358,6.346649,201
1774346977298176000,5.859257,3.517379,9.376636,201
1774346977397725184,0.815532,0.918170,1.733702,200
1774346977432670208,2.950474,1.118387,4.068861,200
1774346977501627904,1.161740,0.559331,1.721071,200
1774346977536761088,1.198247,0.872311,2.070558,200
1774346977547812096,4.338762,0.671944,5.010706,200
1774346977581938944,1.423295,1.063577,2.486872,200
1774346977652681216,1.732697,0.926992,2.659689,200
1774346977657430016,1.937676,0.800139,2.737815,200
1774346977754290176,1.165474,3.654716,4.820190,201
1774346977808930048,1.517067,2.272615,3.789682,201
1774346977808325888,1.907367,2.500265,4.407632,201
1774346977851577088,0.566599,2.640912,3.207511,201
1774346977995431936,3.609787,3.238656,6.848443,201
1774346978054651136,2.250834,0.610321,2.861155,200
1774346978118716928,2.748595,0.964220,3.712815,200
1774346978308743936,1.455909,3.470927,4.926836,201
1774346978500282880,1.199697,3.168539,4.368236,201
1774346978502379008,1.415402,0.863561,2.278963,200
1774346978729554944,1.779594,0.622117,2.401711,200
1774346978804583936,2.111720,0.968092,3.079812,200
1774346978861104128,2.730833,0.710758,3.441591,200
1774346978878865920,3.071910,4.116413,7.188323,201
1774346979032269056,3.824921,0.928072,4.752993,200
1774346979219304192,0.595797,0.863508,1.459305,200
1774346979229883904,1.779414,0.816877,2.596291,200
1774346979260584960,3.074121,0.981706,4.055827,200
1774346979336535808,2.181055,0.613400,2.794455,200
1774346979375778048,1.171684,0.627725,1.799409,200
1774346979419100928,2.256145,3.326450,5.582595,201
1774346979511075072,2.317629,2.405954,4.723583,201
1774346979570106112,1.757938,0.855892,2.613830,200
1774346979617064960,1.708376,0.791233,2.499609,200
1774346979796300800,1.013190,0.878573,1.891763,200
1774346979834507008,2.513816,3.480513,5.994329,201
1774346979848342784,4.746561,1.084524,5.831085,200
1774346980000478976,2.071351,1.132796,3.204147,200
1774346980019901952,1.550062,0.958709,2.508771,200
1774346980090289152,1.498670,1.069681,2.568351,200
1774346980262144000,2.020096,0.883609,2.903705,200
1774346980516529920,1.605052,0.665056,2.270108,200
1774346980620697088,1.278214,0.902365,2.180579,200
1774346980835220224,2.697341,0.861805,3.559146,200
1774346980849664000,0.960126,3.030429,3.990555,201
1774346980913436928,1.622676,0.683402,2.306078,200
1774346980965529856,2.204297,2.900520,5.104817,201
1774346981039942144,2.138908,1.040272,3.179180,200
1774346981084347904,1.264494,5.724035,6.988529,201
1774346981292488960,1.660517,2.334397,3.994914,201
1774346981479788032,1.082789,1.401840,2.484629,200
1774346981583468800,1.682150,0.568260,2.250410,200
1774346981647501824,1.732782,0.887396,2.620178,200
1774346981814872064,1.191837,0.916858,2.108695,200
1774346981879515904,3.342806,0.954497,4.297303,200
1774346981989208064,2.049506,0.794882,2.844388,200
1774346982055564032,4.781154,3.477750,8.258904,201
1774346982074394112,0.747923,2.559580,3.307503,201
1774346982305463040,1.049888,0.725696,1.775584,200
1774346982439377152,1.464425,0.918476,2.382901,200
1774346982457632000,1.856714,2.806696,4.663410,201
1774346982518368000,1.331860,1.179311,2.511171,200
1774346982596611072,1.687356,3.593632,5.280988,201
1774346982646138880,1.561074,3.403456,4.964530,201
1774346982701977088,2.522333,0.967088,3.489421,200
1774346982797137920,2.417381,0.592759,3.010140,200
1774346982908155904,4.269481,4.676018,8.945499,201
1774346982928317184,1.952669,0.597519,2.550188,200
1774346982952516096,4.365301,0.931784,5.297085,200
1774346983065225984,1.976940,0.964592,2.941532,200
1774346983282596096,0.793761,0.670064,1.463825,200
1774346983377531904,1.177698,2.577981,3.755679,201
1774346983422830080,4.280463,0.810910,5.091373,200
1774346983549278976,1.436022,1.216229,2.652251,200
1774346983644301056,2.054414,0.902521,2.956935,200
1774346983684790016,1.497722,0.658205,2.155927,200
1774346983848349952,2.211185,0.702563,2.913748,200
1774346983967166976,1.654852,0.660700,2.315552,200
1774346984109149952,1.422533,1.144690,2.567223,200
1774346984186550016,2.278333,0.603603,2.881936,200
1774346984244140032,1.715442,0.974187,2.689629,200
1774346984292425984,5.253709,3.049665,8.303374,201
1774346984318619904,1.360272,0.692524,2.052796,200
1774346984388022016,1.311996,3.265619,4.577615,201
1774346984411201024,1.733829,2.807783,4.541612,201
1774346984606430976,1.127010,3.446373,4.573383,201
1774346984757303040,4.736320,1.117395,5.853715,200
1774346984983203840,2.556409,3.396309,5.952718,201
1774346985026309888,1.666605,0.926347,2.592952,200
1774346985043971072,0.975552,2.137328,3.112880,200
1774346985062032896,2.034197,1.280596,3.314793,200
1774346985215826944,1.226047,1.339588,2.565635,200
1774346985235419904,3.975192,0.851685,4.826877,200
1774346985291177984,0.882356,1.344116,2.226472,200
1774346985322169088,1.675842,1.850032,3.525874,200
1774346985355008000,1.896053,1.538597,3.434650,200
1774346985418384128,1.301078,1.170366,2.471444,200
1774346985457839872,4.598647,1.039951,5.638598,200
1774346985544076800,0.983476,1.502779,2.486255,200
1774346985572228864,2.189983,1.008656,3.198639,200
1774346986012439040,2.651478,0.923712,3.575190,200
1774346986046718976,1.349015,1.103438,2.452453,200
1774346986126516224,1.913007,1.026535,2.939542,200
1774346986310308096,2.120802,0.983868,3.104670,200
1774346986325256192,1.116315,4.843026,5.959341,201
1774346986430177024,1.149524,0.845644,1.995168,200
1774346986513675008,1.372237,2.773642,4.145879,201
1774346986711172096,2.842050,0.674508,3.516558,200
1774346986747148032,2.517085,0.740705,3.257790,200
1774346986780118016,1.074471,0.916941,1.991412,200
1774346986798134016,1.722371,1.196065,2.918436,200
1774346987122895872,2.012689,2.306199,4.318888,201
1774346987171293952,2.350339,0.574825,2.925164,200
1774346987188304896,1.674371,3.277119,4.951490,201
1774346987246414848,2.840696,4.903633,7.744329,201
1774346987810493952,4.627635,0.632433,5.260068,200
1774346987810720000,1.781426,1.409399,3.190825,200
1774346988006619904,1.042585,0.879869,1.922454,200
1774346988157159168,4.020743,3.618968,7.639711,201
1774346988193574912,3.974573,0.744640,4.719213,200
1774346988334897152,1.610153,3.612886,5.223039,201
1774346988449521920,2.594655,2.959643,5.554298,201
1774346988448695808,1.928897,0.775755,2.704652,200
1774346988496879104,0.751580,0.838895,1.590475,200
1774346988577441024,1.891878,0.569187,2.461065,200
1774346988642678016,4.418273,2.405237,6.823510,201
1774346988684809984,2.116178,0.999028,3.115206,200
1774346988690483200,2.318261,1.654180,3.972441,200
1774346988863638016,1.835097,0.836631,2.671728,200
1774346988868659968,2.181244,0.869163,3.050407,200
1774346988958865920,1.858870,3.457207,5.316077,201
1774346989035564032,1.833426,3.302870,5.136296,201
1774346989052668160,1.273803,1.636676,2.910479,200
1774346989153435904,3.590234,2.495175,6.085409,201
1774346989209101824,1.779205,0.970956,2.750161,200
1774346989230248960,2.937986,0.978176,3.916162,200
1774346989224806144,2.040534,0.915290,2.955824,200
1774346989305541120,2.094289,0.816752,2.911041,200
1774346989387206912,0.982503,0.574381,1.556884,200
1774346989470916096,1.468882,1.267510,2.736392,200
1774346989874028800,3.367342,0.874918,4.242260,200
1774346989876334848,1.371189,3.585284,4.956473,201
1774346989921442048,1.408716,0.931012,2.339728,200
1774346990026130944,0.822041,0.706500,1.528541,200
1774346990164647936,2.266146,0.881668,3.147814,200
1774346990170458112,1.261520,1.001843,2.263363,200
1774346990346947840,1.663792,2.356993,4.020785,201
1774346990505234944,2.009451,1.010550,3.020001,200
1774346990630994944,1.118590,0.585690,1.704280,200
1774346990824290048,0.976243,2.469615,3.445858,201
1774346990283941120,0.453285,0.919792,1.373077,200
1774346990317841152,2.003308,3.553542,5.556850,201
1774346990348505856,1.803560,3.583642,5.387202,201
1774346989739289088,2.548899,1.063808,3.612707,200
1774346990214212864,1.045410,0.990744,2.036154,200
1774346990257666048,1.281880,0.890706,2.172586,200
1774346990280072960,2.398040,1.003249,3.401289,200
1774346990444470784,2.164728,0.537163,2.701891,200
1774346990471278080,1.397463,3.118519,4.515982,201
1774346990518466048,3.185931,0.760168,3.946099,200
1774346990660809984,1.257863,0.615909,1.873772,200
1774346990712603136,4.520322,0.618116,5.138438,200
1774346990784545024,3.146981,0.693536,3.840517,200
1774346991058049024,1.041861,0.786845,1.828706,200
1774346991236027904,1.392320,1.252403,2.644723,200
1774346991247634944,2.379896,1.012448,3.392344,200
1774346991418298880,1.475270,0.553079,2.028349,200
1774346991461636096,1.641580,3.509734,5.151314,201
1774346991573455104,2.583974,1.028627,3.612601,200
1774346991685307904,1.114999,0.586285,1.701284,200
1774346991794584064,2.075473,0.905081,2.980554,200
1774346991803406848,1.053510,0.781871,1.835381,200
1774346991866286080,1.116741,0.610809,1.727550,200
1774346991880505088,2.339636,0.942278,3.281914,200
1774346992188792064,1.814681,2.229512,4.044193,201
1774346992295703040,0.985664,0.930195,1.915859,200
1774346992465095168,1.302918,0.713412,2.016330,200
1774346992788225024,3.042814,2.317383,5.360197,201
1774346992887152896,0.852157,0.549425,1.401582,200
1774346992914028032,1.862862,2.955693,4.818555,201
1774346993058994176,0.647836,0.895808,1.543644,200
1774346993098669056,0.686048,0.550724,1.236772,200
1774346993208967936,2.035055,0.551886,2.586941,200
1774346993512409088,2.761279,1.026135,3.787414,200
1774346993663057152,3.332935,0.947084,4.280019,200
1774346993764781056,0.916434,0.726688,1.643122,200
1774346993866437888,2.488403,0.533784,3.022187,200
1774346993866110976,0.285516,2.972909,3.258425,201
1774346993938590976,1.374007,0.832661,2.206668,200
1774346994046483968,1.414542,3.007053,4.421595,201
1774346994069516032,2.238996,0.965914,3.204910,200
1774346994657772032,1.699572,3.183609,4.883181,201
1774346994925283072,2.143331,0.860131,3.003462,200
1774346994932449024,1.580841,1.622221,3.203062,200
1774346994987611136,2.852877,1.114672,3.967549,200
1774346995064050944,2.904988,2.650900,5.555888,201
1774346995172808960,1.314377,1.110711,2.425088,200
1774346995216954112,1.158490,0.852654,2.011144,200
1774346995224103936,0.719591,0.789095,1.508686,200
1774346995462099200,1.284351,0.940651,2.225002,200
1774346995585096960,3.920710,0.926625,4.847335,200
1774346995765934848,2.375787,0.971597,3.347384,200
1774346995802763008,0.788251,3.371769,4.160020,201
1774346995779149056,8.773187,5.118094,13.891281,201
1774346995959677952,1.431809,3.495677,4.927486,201
1774346996074132992,3.994733,0.926552,4.921285,200
1774346996212057088,4.508980,0.672539,5.181519,200
1774346996313486080,4.699000,3.446534,8.145534,201
1774346996367918848,2.165795,1.132658,3.298453,200
1774346996500551936,2.001998,1.089082,3.091080,200
1774346996641338112,2.630296,1.215649,3.845945,200
1774346996652350976,1.579648,1.170836,2.750484,200
1774346996754988032,1.408659,0.787078,2.195737,200
1774346996876858112,2.561183,1.066764,3.627947,200
1774346997116740864,1.987192,0.857723,2.844915,200
1774346997206372864,0.884655,2.269455,3.154110,201
1774346997562638080,1.026262,0.956620,1.982882,200
1774346997825730048,2.727133,4.349819,7.076952,201
1774346997834672896,1.850590,3.257622,5.108212,201
1774346997866787072,2.203414,0.551612,2.755026,200
1774346997979079936,0.669244,0.577603,1.246847,200
1774346998299017984,2.615310,0.889534,3.504844,200
1774346998478852864,5.085907,3.052921,8.138828,201
1774346998581833984,1.054852,0.990997,2.045849,200
1774346998599488000,2.182968,0.961722,3.144690,200
1774346998676589056,1.575782,0.889820,2.465602,200
1774346998720873984,1.505623,1.413865,2.919488,200
1774346998709965056,1.106825,0.807303,1.914128,200
1774346998850320128,3.555084,1.043321,4.598405,200
1774346999045264128,1.102949,0.759306,1.862255,200
1774346999232545024,1.441667,0.974102,2.415769,200
1774346999249079040,1.340685,6.223501,7.564186,201
1774346999324667904,6.049641,1.467046,7.516687,200
1774346999476844032,2.258536,1.422154,3.680690,200
1774346999585264896,1.406877,1.424610,2.831487,200
1774346999690187008,2.077727,3.167363,5.245090,201
1774347000020812032,2.071184,1.791988,3.863172,200
1774347000195027968,1.322232,0.724369,2.046601,200
1774347000230139136,1.738003,3.321074,5.059077,201
1774347000236648960,5.963922,1.309697,7.273619,200
1774347000307534080,2.016152,3.345520,5.361672,201
1774347000406227200,1.850123,0.804070,2.654193,200
1774347000542188032,2.358491,1.068518,3.427009,200
1774347000751593216,1.311517,1.272716,2.584233,200
1774347000768578048,2.013368,1.499282,3.512650,200
1774347000849473024,2.075398,2.307069,4.382467,200
1774347000937500928,1.748665,3.841596,5.590261,201
1774347000945933056,1.756606,3.795446,5.552052,201
1774347000982429952,0.972344,1.382410,2.354754,200
1774347001082866944,1.961395,4.209111,6.170506,201
1774347001296171776,3.460571,3.588535,7.049106,201
1774347001335822080,4.989921,1.316461,6.306382,200
1774347001378087936,1.177970,1.196201,2.374171,200
1774347001462308864,1.154815,0.971254,2.126069,200
1774347001525451776,3.204572,1.747320,4.951892,200
1774347001544148992,2.594650,1.683935,4.278585,200
1774347001601844992,1.088465,1.092700,2.181165,200
1774347001626172160,2.533657,0.724210,3.257867,200
1774347001633346048,1.726527,0.790042,2.516569,200
1774347001856164096,1.268554,1.430910,2.699464,200
1774347001923040000,3.874469,1.155916,5.030385,200
1774347002124301824,0.624860,0.898254,1.523114,200
1774347002348294912,1.507340,1.240286,2.747626,200
1774347002515553024,2.165771,0.622383,2.788154,200
1774347002554928128,1.154868,0.891215,2.046083,200
1774347002586641920,2.298451,1.096733,3.395184,200
1774347002593223168,2.937487,1.731026,4.668513,200
1774347002740576000,2.189211,3.796431,5.985642,201
1774347003216577024,1.006107,1.036174,2.042281,200
1774347003229240064,1.449659,0.808210,2.257869,200
1774347003295486976,2.528416,0.888715,3.417131,200
1774347003328052992,1.806959,0.731959,2.538918,200
1774347003475856896,1.578931,4.375119,5.954050,201
1774347003561403136,2.067712,3.627596,5.695308,201
1774347003573303040,2.075345,0.791334,2.866679,200
1774347003602114816,1.860911,0.814445,2.675356,200
1774347003661670912,1.992680,0.951572,2.944252,200
1774347003755740928,0.640021,0.608438,1.248459,200
1774347003839034112,2.675282,2.886796,5.562078,201
1774347004344057088,1.216709,0.581335,1.798044,200
1774347004369127936,1.503866,0.848273,2.352139,200
1774347004556371968,1.713156,0.632958,2.346114,200
1774347004687992064,1.530737,2.049586,3.580323,201
1774347004865430016,3.130027,0.963471,4.093498,200
1774347005001529856,2.289134,1.335318,3.624452,200
1774347005099767808,3.403241,0.944374,4.347615,200
1774347005215045888,1.993580,0.743987,2.737567,200
1774347005218183168,1.466737,1.131184,2.597921,200
1774347005575793920,1.894695,0.612896,2.507591,200
1774347005736429824,2.191752,0.771642,2.963394,200
1774347005869741824,2.848183,0.781837,3.630020,200
1774347005891001856,2.334204,1.205719,3.539923,200
1774347005991656192,2.027639,0.574454,2.602093,200
1774347006012209920,0.609138,0.830082,1.439220,200
1774347006007997952,1.420905,1.319807,2.740712,200
1774347006022817024,4.265806,4.805597,9.071403,201
1774347006064920832,1.761655,3.821099,5.582754,201
1774347006189050880,1.634291,0.856520,2.490811,200
1774347006345571072,1.296621,1.002867,2.299488,200
1774347006570873088,2.732581,0.582193,3.314774,200
1774347006589054208,2.035029,2.225906,4.260935,201
1774347006593720064,2.159430,0.580669,2.740099,200
1774347006708914944,2.011018,0.848536,2.859554,200
1774347006749526016,1.610724,2.209613,3.820337,201
1774347007006498048,0.789911,0.705788,1.495699,200
1774347007071585792,1.202404,1.001555,2.203959,200
1774347007196408064,2.423983,1.080715,3.504698,200
1774347007337075968,1.079486,0.962047,2.041533,200
1774347007352267008,1.926036,2.836906,4.762942,201
1774347007422707200,2.979694,6.488373,9.468067,201
1774347007819015936,4.148116,2.267097,6.415213,201
1774347007840279040,2.195794,3.008269,5.204063,201
1774347007967467008,1.459363,0.587016,2.046379,200
1774347008024718080,1.750401,0.962949,2.713350,200
1774347008182603008,2.453465,2.295237,4.748702,201
1774347008199059968,0.648544,0.936633,1.585177,200
1774347008248777984,1.650140,0.666569,2.316709,200
1774347008426112768,1.927108,0.580367,2.507475,200
1774347008601840896,3.112558,3.558471,6.671029,201
1774347008636646912,1.322958,0.669876,1.992834,200
1774347008694536960,1.161053,0.936304,2.097357,200
1774347008727483136,3.269374,1.055788,4.325162,200
1774347008735490048,1.532205,1.341471,2.873676,200
1774347009038413056,2.434581,0.684763,3.119344,200
1774347009054071808,1.230586,0.927738,2.158324,200
