arrival_unix_ns,sim_service_start_unix_ns,sim_service_end_unix_ns,sim_queue_ms,sim_service_ms,sim_response_ms,sim_status
1775038840340207396,1775038840340207396,1775038840349828173,0.000000,9.620777,9.620777,200
1775038840493677423,1775038840493677423,1775038840500658364,0.000000,6.980941,6.980941,200
1775038840617333270,1775038840617333270,1775038840624863145,0.000000,7.529875,7.529875,200
1775038840741125960,1775038840741125960,1775038840747995491,0.000000,6.869531,6.869531,200
1775038840866077106,1775038840866077106,1775038840874416328,0.000000,8.339222,8.339222,200
1775038840997197016,1775038840997197016,1775038841004009793,0.000000,6.812777,6.812777,200
1775038841131918486,1775038841131918486,1775038841138631886,0.000000,6.713400,6.713400,200
1775038841256087390,1775038841256087390,1775038841262694803,0.000000,6.607413,6.607413,200
1775038841397382856,1775038841397382856,1775038841404281906,0.000000,6.899050,6.899050,200
1775038841522167519,1775038841522167519,1775038841528373536,0.000000,6.206017,6.206017,200
1775038841664941161,1775038841664941161,1775038841671107269,0.000000,6.166108,6.166108,200
1775038841791211405,1775038841791211405,1775038841798999074,0.000000,7.787669,7.787669,200
1775038841915215206,1775038841915215206,1775038841925959284,0.000000,10.744078,10.744078,200
1775038842044056015,1775038842044056015,1775038842051292933,0.000000,7.236918,7.236918,200
1775038842178489506,1775038842178489506,1775038842186630283,0.000000,8.140777,8.140777,200
1775038842320365956,1775038842320365956,1775038842330373067,0.000000,10.007111,10.007111,200
1775038842448978638,1775038842448978638,1775038842455688460,0.000000,6.709822,6.709822,200
1775038842578925378,1775038842578925378,1775038842585602160,0.000000,6.676782,6.676782,200
1775038842720296001,1775038842720296001,1775038842726986741,0.000000,6.690740,6.690740,200
1775038842849319262,1775038842849319262,1775038842856364664,0.000000,7.045402,7.045402,200
1775038842987018813,1775038842987018813,1775038843001709187,0.000000,14.690374,14.690374,200
1775038843137141474,1775038843137141474,1775038843145535845,0.000000,8.394371,8.394371,200
1775038843263028034,1775038843263028034,1775038843272142817,0.000000,9.114783,9.114783,200
1775038843385208417,1775038843385208417,1775038843391765401,0.000000,6.556984,6.556984,200
1775038843520300875,1775038843520300875,1775038843526960493,0.000000,6.659618,6.659618,200
1775038843642510617,1775038843642510617,1775038843661559451,0.000000,19.048834,19.048834,200
1775038843767035084,1775038843767035084,1775038843775661372,0.000000,8.626288,8.626288,200
1775038843892660454,1775038843892660454,1775038843899050836,0.000000,6.390382,6.390382,200
1775038844017661124,1775038844017661124,1775038844024266373,0.000000,6.605249,6.605249,200
1775038844144926041,1775038844144926041,1775038844151761324,0.000000,6.835283,6.835283,200
1775038844266806619,1775038844266806619,1775038844274043537,0.000000,7.236918,7.236918,200
1775038844398527814,1775038844398527814,1775038844405026889,0.000000,6.499075,6.499075,200
1775038844538683375,1775038844538683375,1775038844547676312,0.000000,8.992937,8.992937,200
1775038844662290252,1775038844662290252,1775038844669816541,0.000000,7.526289,7.526289,200
1775038844785403997,1775038844785403997,1775038844791956061,0.000000,6.552064,6.552064,200
1775038844910231414,1775038844910231414,1775038844927124310,0.000000,16.892896,16.892896,200
1775038845033283038,1775038845033283038,1775038845040274144,0.000000,6.991106,6.991106,200
1775038845160229091,1775038845160229091,1775038845166485290,0.000000,6.256199,6.256199,200
1775038845439310568,1775038845439310568,1775038845445934192,0.000000,6.623624,6.623624,200
1775038845725785038,1775038845725785038,1775038845735640204,0.000000,9.855166,9.855166,200
1775038845778930364,1775038845778930364,1775038845796244976,0.000000,17.314612,17.314612,200
1775038845839498536,1775038845839498536,1775038845846365543,0.000000,6.867007,6.867007,200
1775038845858481544,1775038845858481544,1775038845867057336,0.000000,8.575792,8.575792,200
1775038845962711730,1775038845962711730,1775038845969421552,0.000000,6.709822,6.709822,200
1775038846013260855,1775038846013260855,1775038846019582737,0.000000,6.321882,6.321882,200
1775038846031360874,1775038846031360874,1775038846048253770,0.000000,16.892896,16.892896,200
1775038846085173803,1775038846085173803,1775038846091402094,0.000000,6.228291,6.228291,200
1775038846137584477,1775038846137584477,1775038846146716840,0.000000,9.132363,9.132363,200
1775038846196124483,1775038846196124483,1775038846204547769,0.000000,8.423286,8.423286,200
1775038846221907624,1775038846221907624,1775038846229018057,0.000000,7.110433,7.110433,200
1775038846569755040,1775038846569755040,1775038846576049958,0.000000,6.294918,6.294918,200
1775038846729307054,1775038846729307054,1775038846735513071,0.000000,6.206017,6.206017,200
1775038846855661636,1775038846855661636,1775038846865584647,0.000000,9.923011,9.923011,200
1775038846956279824,1775038846956279824,1775038846963276063,0.000000,6.996239,6.996239,200
1775038846991632542,1775038846991632542,1775038847000264636,0.000000,8.632094,8.632094,200
1775038847130230485,1775038847130230485,1775038847137324987,0.000000,7.094502,7.094502,200
1775038847221458923,1775038847221458923,1775038847229275664,0.000000,7.816741,7.816741,200
1775038847339856128,1775038847339856128,1775038847347133132,0.000000,7.277004,7.277004,200
1775038847405301183,1775038847405301183,1775038847417351209,0.000000,12.050026,12.050026,200
1775038847453843855,1775038847453843855,1775038847460752262,0.000000,6.908407,6.908407,200
1775038847633184127,1775038847633184127,1775038847652645214,0.000000,19.461087,19.461087,200
1775038847665541296,1775038847665541296,1775038847673386772,0.000000,7.845476,7.845476,200
1775038847690810826,1775038847690810826,1775038847704506944,0.000000,13.696118,13.696118,200
1775038847716333999,1775038847716333999,1775038847723503210,0.000000,7.169211,7.169211,200
1775038847742969585,1775038847742969585,1775038847751963062,0.000000,8.993477,8.993477,200
1775038847958916632,1775038847958916632,1775038847965434217,0.000000,6.517585,6.517585,200
1775038848019594882,1775038848019594882,1775038848026124795,0.000000,6.529913,6.529913,200
1775038848089612653,1775038848089612653,1775038848096344889,0.000000,6.732236,6.732236,200
1775038848197982940,1775038848197982940,1775038848204741013,0.000000,6.758073,6.758073,200
1775038848243195684,1775038848243195684,1775038848251593270,0.000000,8.397586,8.397586,200
1775038848676113740,1775038848676113740,1775038848687947619,0.000000,11.833879,11.833879,200
1775038848862651873,1775038848862651873,1775038848872595412,0.000000,9.943539,9.943539,200
1775038848924699906,1775038848924699906,1775038848931232060,0.000000,6.532154,6.532154,200
1775038849110674186,1775038849110674186,1775038849118691176,0.000000,8.016990,8.016990,200
1775038849206730917,1775038849206730917,1775038849224126915,0.000000,17.395998,17.395998,200
1775038849355169593,1775038849355169593,1775038849361874364,0.000000,6.704771,6.704771,200
1775038849459881748,1775038849459881748,1775038849467069607,0.000000,7.187859,7.187859,200
1775038849508011669,1775038849508011669,1775038849516393525,0.000000,8.381856,8.381856,200
1775038849557148792,1775038849557148792,1775038849564289730,0.000000,7.140938,7.140938,200
1775038849576784097,1775038849576784097,1775038849583136324,0.000000,6.352227,6.352227,200
1775038849710948778,1775038849710948778,1775038849718703485,0.000000,7.754707,7.754707,200
1775038849865271515,1775038849865271515,1775038849873697607,0.000000,8.426092,8.426092,200
1775038849989095819,1775038849989095819,1775038850002389577,0.000000,13.293758,13.293758,200
1775038850205232270,1775038850205232270,1775038850213779784,0.000000,8.547514,8.547514,200
1775038850238312229,1775038850238312229,1775038850247248328,0.000000,8.936099,8.936099,200
1775038850263802196,1775038850263802196,1775038850272224965,0.000000,8.422769,8.422769,200
1775038850299784923,1775038850299784923,1775038850306346035,0.000000,6.561112,6.561112,200
1775038850343928831,1775038850343928831,1775038850351650784,0.000000,7.721953,7.721953,200
1775038850451751436,1775038850451751436,1775038850460145807,0.000000,8.394371,8.394371,200
1775038850499230392,1775038850499230392,1775038850508433159,0.000000,9.202767,9.202767,200
1775038850520589725,1775038850520589725,1775038850529819851,0.000000,9.230126,9.230126,200
1775038850668345737,1775038850668345737,1775038850675341976,0.000000,6.996239,6.996239,200
1775038850902157090,1775038850902157090,1775038850919049986,0.000000,16.892896,16.892896,200
1775038850963505594,1775038850963505594,1775038850970397076,0.000000,6.891482,6.891482,200
1775038850989518772,1775038850989518772,1775038850996121065,0.000000,6.602293,6.602293,200
1775038851086351846,1775038851086351846,1775038851093334555,0.000000,6.982709,6.982709,200
1775038851165728372,1775038851165728372,1775038851177956157,0.000000,12.227785,12.227785,200
1775038851254608493,1775038851254608493,1775038851260961441,0.000000,6.352948,6.352948,200
1775038851338276409,1775038851338276409,1775038851345524254,0.000000,7.247845,7.247845,200
1775038851455757585,1775038851455757585,1775038851467491897,0.000000,11.734312,11.734312,200
1775038851735890727,1775038851735890727,1775038851742606833,0.000000,6.716106,6.716106,200
1775038851781123295,1775038851781123295,1775038851790387772,0.000000,9.264477,9.264477,200
1775038851801660120,1775038851801660120,1775038851813467803,0.000000,11.807683,11.807683,200
1775038851827844440,1775038851827844440,1775038851834679723,0.000000,6.835283,6.835283,200
1775038852109941748,1775038852109941748,1775038852116940484,0.000000,6.998736,6.998736,200
1775038852164775014,1775038852164775014,1775038852171572383,0.000000,6.797369,6.797369,200
1775038852183236226,1775038852183236226,1775038852191838328,0.000000,8.602102,8.602102,200
1775038852203802723,1775038852203802723,1775038852227056471,0.000000,23.253748,23.253748,200
1775038852284254442,1775038852284254442,1775038852296796785,0.000000,12.542343,12.542343,200
1775038852444269666,1775038852444269666,1775038852450871959,0.000000,6.602293,6.602293,200
1775038852488520309,1775038852488520309,1775038852504736697,0.000000,16.216388,16.216388,200
1775038852644534288,1775038852644534288,1775038852653777106,0.000000,9.242818,9.242818,200
1775038852696016435,1775038852696016435,1775038852705237292,0.000000,9.220857,9.220857,200
1775038852794499499,1775038852794499499,1775038852801312276,0.000000,6.812777,6.812777,200
1775038852885974229,1775038852885974229,1775038852892441844,0.000000,6.467615,6.467615,200
1775038853077857777,1775038853077857777,1775038853085269821,0.000000,7.412044,7.412044,200
1775038853116210072,1775038853116210072,1775038853123585231,0.000000,7.375159,7.375159,200
1775038853140669040,1775038853140669040,1775038853148876911,0.000000,8.207871,8.207871,200
1775038853169457980,1775038853169457980,1775038853176440492,0.000000,6.982512,6.982512,200
1775038853287008266,1775038853287008266,1775038853294968124,0.000000,7.959858,7.959858,200
1775038853336590072,1775038853336590072,1775038853346189398,0.000000,9.599326,9.599326,200
1775038853427576150,1775038853427576150,1775038853434150818,0.000000,6.574668,6.574668,200
1775038853528826247,1775038853528826247,1775038853539143417,0.000000,10.317170,10.317170,200
1775038853557602275,1775038853557602275,1775038853563798614,0.000000,6.196339,6.196339,200
1775038853614437386,1775038853614437386,1775038853622319198,0.000000,7.881812,7.881812,200
1775038853633895287,1775038853633895287,1775038853640227413,0.000000,6.332126,6.332126,200
1775038853710965445,1775038853710965445,1775038853722876755,0.000000,11.911310,11.911310,200
1775038854175047534,1775038854175047534,1775038854183288763,0.000000,8.241229,8.241229,200
1775038854344672264,1775038854344672264,1775038854355012370,0.000000,10.340106,10.340106,200
1775038854437601625,1775038854437601625,1775038854443965002,0.000000,6.363377,6.363377,200
1775038854516937769,1775038854516937769,1775038854525454565,0.000000,8.516796,8.516796,200
1775038854609063923,1775038854609063923,1775038854615740705,0.000000,6.676782,6.676782,200
1775038854636629891,1775038854636629891,1775038854644434853,0.000000,7.804962,7.804962,200
1775038854658002214,1775038854658002214,1775038854665753808,0.000000,7.751594,7.751594,200
1775038854714259694,1775038854714259694,1775038854720622409,0.000000,6.362715,6.362715,200
1775038854887022289,1775038854887022289,1775038854893333323,0.000000,6.311034,6.311034,200
1775038855073194061,1775038855073194061,1775038855082989292,0.000000,9.795231,9.795231,200
1775038855135292228,1775038855135292228,1775038855142966472,0.000000,7.674244,7.674244,200
1775038855213095698,1775038855213095698,1775038855220013221,0.000000,6.917523,6.917523,200
1775038855228990489,1775038855228990489,1775038855235327985,0.000000,6.337496,6.337496,200
1775038855308482353,1775038855308482353,1775038855316353267,0.000000,7.870914,7.870914,200
1775038855337667131,1775038855337667131,1775038855344079780,0.000000,6.412649,6.412649,200
1775038855414112368,1775038855414112368,1775038855423081887,0.000000,8.969519,8.969519,200
1775038855458337401,1775038855458337401,1775038855477291234,0.000000,18.953833,18.953833,200
1775038855526626385,1775038855526626385,1775038855536511780,0.000000,9.885395,9.885395,200
1775038855546566948,1775038855546566948,1775038855554929938,0.000000,8.362990,8.362990,200
1775038855565106026,1775038855565106026,1775038855571440255,0.000000,6.334229,6.334229,200
1775038855600776578,1775038855600776578,1775038855607324449,0.000000,6.547871,6.547871,200
1775038855691344250,1775038855691344250,1775038855701976168,0.000000,10.631918,10.631918,200
1775038855748682041,1775038855748682041,1775038855757595051,0.000000,8.913010,8.913010,200
1775038855768602444,1775038855768602444,1775038855777199546,0.000000,8.597102,8.597102,200
1775038855788599179,1775038855788599179,1775038855796211067,0.000000,7.611888,7.611888,200
1775038855808715474,1775038855808715474,1775038855817645475,0.000000,8.930001,8.930001,200
1775038855828174082,1775038855828174082,1775038855836153651,0.000000,7.979569,7.979569,200
1775038855863319670,1775038855863319670,1775038855869927083,0.000000,6.607413,6.607413,200
1775038855895083091,1775038855895083091,1775038855901434224,0.000000,6.351133,6.351133,200
1775038855916089882,1775038855916089882,1775038855923139203,0.000000,7.049321,7.049321,200
1775038855936824341,1775038855936824341,1775038855955873175,0.000000,19.048834,19.048834,200
1775038856079114130,1775038856079114130,1775038856085512568,0.000000,6.398438,6.398438,200
1775038856125700955,1775038856125700955,1775038856134254679,0.000000,8.553724,8.553724,200
1775038856200117325,1775038856200117325,1775038856208942060,0.000000,8.824735,8.824735,200
1775038856359367820,1775038856359367820,1775038856366108428,0.000000,6.740608,6.740608,200
1775038856516426280,1775038856516426280,1775038856530567927,0.000000,14.141647,14.141647,200
1775038856626087720,1775038856626087720,1775038856632536721,0.000000,6.449001,6.449001,200
1775038856721370113,1775038856721370113,1775038856729175445,0.000000,7.805332,7.805332,200
1775038856779579824,1775038856779579824,1775038856787481072,0.000000,7.901248,7.901248,200
1775038856870039060,1775038856870039060,1775038856877226919,0.000000,7.187859,7.187859,200
1775038856890571475,1775038856890571475,1775038856900888645,0.000000,10.317170,10.317170,200
1775038856911549857,1775038856911549857,1775038856918752478,0.000000,7.202621,7.202621,200
1775038857329358736,1775038857329358736,1775038857341134686,0.000000,11.775950,11.775950,200
1775038857376834896,1775038857376834896,1775038857384048586,0.000000,7.213690,7.213690,200
1775038857396463375,1775038857396463375,1775038857403174154,0.000000,6.710779,6.710779,200
1775038857417175604,1775038857417175604,1775038857425847989,0.000000,8.672385,8.672385,200
1775038857516984714,1775038857516984714,1775038857526337356,0.000000,9.352642,9.352642,200
1775038857843924264,1775038857843924264,1775038857852312271,0.000000,8.388007,8.388007,200
1775038857878435590,1775038857878435590,1775038857888427593,0.000000,9.992003,9.992003,200
1775038858152781422,1775038858152781422,1775038858162371470,0.000000,9.590048,9.590048,200
1775038858358977317,1775038858358977317,1775038858366144592,0.000000,7.167275,7.167275,200
1775038858436646011,1775038858436646011,1775038858443513018,0.000000,6.867007,6.867007,200
1775038858602402007,1775038858602402007,1775038858610791179,0.000000,8.389172,8.389172,200
1775038858646225809,1775038858646225809,1775038858654051543,0.000000,7.825734,7.825734,200
1775038858667899288,1775038858667899288,1775038858674609110,0.000000,6.709822,6.709822,200
1775038858795380606,1775038858795380606,1775038858801927399,0.000000,6.546793,6.546793,200
1775038858911738257,1775038858911738257,1775038858938118347,0.000000,26.380090,26.380090,200
1775038858941263105,1775038858941263105,1775038858950774312,0.000000,9.511207,9.511207,200
1775038859009041438,1775038859009041438,1775038859015448771,0.000000,6.407333,6.407333,200
1775038859144559084,1775038859144559084,1775038859151105877,0.000000,6.546793,6.546793,200
1775038859220116927,1775038859220116927,1775038859227403496,0.000000,7.286569,7.286569,200
1775038859242610509,1775038859242610509,1775038859249202050,0.000000,6.591541,6.591541,200
1775038859354926863,1775038859354926863,1775038859362507236,0.000000,7.580373,7.580373,200
1775038859478138831,1775038859478138831,1775038859486831422,0.000000,8.692591,8.692591,200
1775038859619472024,1775038859619472024,1775038859627860031,0.000000,8.388007,8.388007,200
1775038859639491332,1775038859639491332,1775038859645828828,0.000000,6.337496,6.337496,200
1775038859800487645,1775038859800487645,1775038859807227190,0.000000,6.739545,6.739545,200
1775038860032012805,1775038860032012805,1775038860039838539,0.000000,7.825734,7.825734,200
1775038860223832444,1775038860223832444,1775038860232568639,0.000000,8.736195,8.736195,200
1775038860279823534,1775038860279823534,1775038860287479506,0.000000,7.655972,7.655972,200
1775038860353966813,1775038860353966813,1775038860360640977,0.000000,6.674164,6.674164,200
1775038860495174930,1775038860495174930,1775038860512570928,0.000000,17.395998,17.395998,200
1775038860541332167,1775038860541332167,1775038860550325644,0.000000,8.993477,8.993477,200
1775038860572704624,1775038860572704624,1775038860581830680,0.000000,9.126056,9.126056,200
1775038861086045664,1775038861086045664,1775038861097853347,0.000000,11.807683,11.807683,200
1775038861145856375,1775038861145856375,1775038861158104671,0.000000,12.248296,12.248296,200
1775038861269940011,1775038861269940011,1775038861278793202,0.000000,8.853191,8.853191,200
1775038861318293445,1775038861318293445,1775038861324615327,0.000000,6.321882,6.321882,200
1775038861383468245,1775038861383468245,1775038861390449186,0.000000,6.980941,6.980941,200
1775038861431373214,1775038861431373214,1775038861443207093,0.000000,11.833879,11.833879,200
1775038861462582307,1775038861462582307,1775038861469136611,0.000000,6.554304,6.554304,200
1775038861488965738,1775038861488965738,1775038861495878315,0.000000,6.912577,6.912577,200
1775038861518037500,1775038861518037500,1775038861524928982,0.000000,6.891482,6.891482,200
1775038861542127783,1775038861542127783,1775038861548785986,0.000000,6.658203,6.658203,200
1775038861566371109,1775038861566371109,1775038861575365686,0.000000,8.994577,8.994577,200
1775038861910978970,1775038861910978970,1775038861918687182,0.000000,7.708212,7.708212,200
1775038861955130527,1775038861955130527,1775038861967017301,0.000000,11.886774,11.886774,200
1775038862117897238,1775038862117897238,1775038862124766549,0.000000,6.869311,6.869311,200
1775038862147533648,1775038862147533648,1775038862156087372,0.000000,8.553724,8.553724,200
1775038862445799643,1775038862445799643,1775038862457611604,0.000000,11.811961,11.811961,200
1775038862475129265,1775038862475129265,1775038862493183151,0.000000,18.053886,18.053886,200
1775038862509466063,1775038862509466063,1775038862516152883,0.000000,6.686820,6.686820,200
1775038862557722048,1775038862557722048,1775038862565551245,0.000000,7.829197,7.829197,200
1775038862616742218,1775038862616742218,1775038862623368282,0.000000,6.626064,6.626064,200
1775038862636006867,1775038862636006867,1775038862645231201,0.000000,9.224334,9.224334,200
1775038862740803361,1775038862740803361,1775038862747604101,0.000000,6.800740,6.800740,200
1775038863039126792,1775038863039126792,1775038863046238213,0.000000,7.111421,7.111421,200
1775038863061447574,1775038863061447574,1775038863070199971,0.000000,8.752397,8.752397,200
1775038863088375585,1775038863088375585,1775038863094898380,0.000000,6.522795,6.522795,200
1775038863116801423,1775038863116801423,1775038863126422200,0.000000,9.620777,9.620777,200
1775038863145642683,1775038863145642683,1775038863153471880,0.000000,7.829197,7.829197,200
1775038863314387989,1775038863314387989,1775038863326930332,0.000000,12.542343,12.542343,200
1775038863472037148,1775038863472037148,1775038863480663436,0.000000,8.626288,8.626288,200
1775038863530982451,1775038863530982451,1775038863540572499,0.000000,9.590048,9.590048,200
1775038863567817769,1775038863567817769,1775038863574261133,0.000000,6.443364,6.443364,200
1775038863598162509,1775038863598162509,1775038863616216395,0.000000,18.053886,18.053886,200
1775038863786503492,1775038863786503492,1775038863792902712,0.000000,6.399220,6.399220,200
1775038863868591942,1775038863868591942,1775038863875634876,0.000000,7.042934,7.042934,200
1775038863917156764,1775038863917156764,1775038863926151341,0.000000,8.994577,8.994577,200
1775038864353627709,1775038864353627709,1775038864366640649,0.000000,13.012940,13.012940,200
1775038864537089716,1775038864537089716,1775038864543619629,0.000000,6.529913,6.529913,200
1775038864556160653,1775038864556160653,1775038864562975306,0.000000,6.814653,6.814653,200
1775038864680337595,1775038864680337595,1775038864686548353,0.000000,6.210758,6.210758,200
1775038864787810210,1775038864787810210,1775038864807498625,0.000000,19.688415,19.688415,200
1775038864812075352,1775038864812075352,1775038864819136727,0.000000,7.061375,7.061375,200
1775038864836261642,1775038864836261642,1775038864842943557,0.000000,6.681915,6.681915,200
1775038864859201748,1775038864859201748,1775038864865513292,0.000000,6.311544,6.311544,200
1775038865351033724,1775038865351033724,1775038865358073967,0.000000,7.040243,7.040243,200
1775038865420106589,1775038865420106589,1775038865427087530,0.000000,6.980941,6.980941,200
1775038865563147031,1775038865563147031,1775038865575104791,0.000000,11.957760,11.957760,200
1775038865625027032,1775038865625027032,1775038865631911841,0.000000,6.884809,6.884809,200
1775038865672996349,1775038865672996349,1775038865680034263,0.000000,7.037914,7.037914,200
1775038865710894543,1775038865710894543,1775038865721234120,0.000000,10.339577,10.339577,200
1775038865849835755,1775038865849835755,1775038865869296842,0.000000,19.461087,19.461087,200
1775038865876486351,1775038865876486351,1775038865882955856,0.000000,6.469505,6.469505,200
1775038865990027865,1775038865990027865,1775038865998394211,0.000000,8.366346,8.366346,200
1775038866131367748,1775038866131367748,1775038866140412037,0.000000,9.044289,9.044289,200
1775038866175135361,1775038866175135361,1775038866184417090,0.000000,9.281729,9.281729,200
1775038866368461672,1775038866368461672,1775038866375499586,0.000000,7.037914,7.037914,200
1775038866524682769,1775038866524682769,1775038866532553683,0.000000,7.870914,7.870914,200
1775038866600104772,1775038866600104772,1775038866606667274,0.000000,6.562502,6.562502,200
1775038866619016383,1775038866619016383,1775038866625774456,0.000000,6.758073,6.758073,200
1775038866665759498,1775038866665759498,1775038866673617115,0.000000,7.857617,7.857617,200
1775038866712855809,1775038866712855809,1775038866719386038,0.000000,6.530229,6.530229,200
1775038866742899752,1775038866742899752,1775038866749469307,0.000000,6.569555,6.569555,200
1775038866776983980,1775038866776983980,1775038866783087392,0.000000,6.103412,6.103412,200
1775038866824169014,1775038866824169014,1775038866833205158,0.000000,9.036144,9.036144,200
1775038866994399672,1775038866994399672,1775038867004794693,0.000000,10.395021,10.395021,200
1775038867015053832,1775038867015053832,1775038867022060003,0.000000,7.006171,7.006171,200
1775038867047876353,1775038867047876353,1775038867056618246,0.000000,8.741893,8.741893,200
1775038867069484294,1775038867069484294,1775038867078449125,0.000000,8.964831,8.964831,200
1775038867257078053,1775038867257078053,1775038867264839179,0.000000,7.761126,7.761126,200
1775038867307409715,1775038867307409715,1775038867316756767,0.000000,9.347052,9.347052,200
1775038867328845089,1775038867328845089,1775038867336448011,0.000000,7.602922,7.602922,200
1775038867399498679,1775038867399498679,1775038867406061181,0.000000,6.562502,6.562502,200
1775038867433713378,1775038867433713378,1775038867439827804,0.000000,6.114426,6.114426,200
1775038867455319391,1775038867455319391,1775038867463631639,0.000000,8.312248,8.312248,200
1775038867478472375,1775038867478472375,1775038867486451944,0.000000,7.979569,7.979569,200
1775038867497480415,1775038867497480415,1775038867504227634,0.000000,6.747219,6.747219,200
1775038867517582698,1775038867517582698,1775038867525205544,0.000000,7.622846,7.622846,200
1775038867536836537,1775038867536836537,1775038867545529249,0.000000,8.692712,8.692712,200
1775038867558321464,1775038867558321464,1775038867565061616,0.000000,6.740152,6.740152,200
1775038867579329201,1775038867579329201,1775038867587003445,0.000000,7.674244,7.674244,200
1775038867600038433,1775038867600038433,1775038867611996193,0.000000,11.957760,11.957760,200
1775038867625300078,1775038867625300078,1775038867632343012,0.000000,7.042934,7.042934,200
1775038867646887600,1775038867646887600,1775038867655559985,0.000000,8.672385,8.672385,200
1775038867676925503,1775038867676925503,1775038867690621621,0.000000,13.696118,13.696118,200
1775038867745729300,1775038867745729300,1775038867752884958,0.000000,7.155658,7.155658,200
1775038867889624226,1775038867889624226,1775038867896538165,0.000000,6.913939,6.913939,200
1775038867915347489,1775038867915347489,1775038867923269434,0.000000,7.921945,7.921945,200
1775038867940676442,1775038867940676442,1775038867949407997,0.000000,8.731555,8.731555,200
1775038867959414277,1775038867959414277,1775038867967315525,0.000000,7.901248,7.901248,200
1775038867981588254,1775038867981588254,1775038867987996302,0.000000,6.408048,6.408048,200
1775038868230527394,1775038868230527394,1775038868237132643,0.000000,6.605249,6.605249,200
1775038868387615714,1775038868387615714,1775038868394059078,0.000000,6.443364,6.443364,200
1775038868512367657,1775038868512367657,1775038868518833877,0.000000,6.466220,6.466220,200
1775038868591131943,1775038868591131943,1775038868599824024,0.000000,8.692081,8.692081,200
1775038868668783752,1775038868668783752,1775038868677271026,0.000000,8.487274,8.487274,200
1775038868821485236,1775038868821485236,1775038868828631692,0.000000,7.146456,7.146456,200
1775038868840219444,1775038868840219444,1775038868846556290,0.000000,6.336846,6.336846,200
1775038868860193835,1775038868860193835,1775038868866413257,0.000000,6.219422,6.219422,200
1775038868934950343,1775038868934950343,1775038868957648033,0.000000,22.697690,22.697690,200
1775038868994390636,1775038868994390636,1775038869020770726,0.000000,26.380090,26.380090,200
1775038869230353954,1775038869230353954,1775038869237563935,0.000000,7.209981,7.209981,200
1775038869353873516,1775038869353873516,1775038869360458012,0.000000,6.584496,6.584496,200
1775038869403213957,1775038869403213957,1775038869409915407,0.000000,6.701450,6.701450,200
1775038869477872834,1775038869477872834,1775038869484949806,0.000000,7.076972,7.076972,200
1775038869523492856,1775038869523492856,1775038869529984808,0.000000,6.491952,6.491952,200
1775038869770964490,1775038869770964490,1775038869777665940,0.000000,6.701450,6.701450,200
1775038869847615192,1775038869847615192,1775038869856608129,0.000000,8.992937,8.992937,200
1775038869871202383,1775038869871202383,1775038869878021246,0.000000,6.818863,6.818863,200
1775038869990421530,1775038869990421530,1775038870007208856,0.000000,16.787326,16.787326,200
1775038870224726921,1775038870224726921,1775038870231134497,0.000000,6.407576,6.407576,200
1775038870316881586,1775038870316881586,1775038870325741456,0.000000,8.859870,8.859870,200
1775038870456539732,1775038870456539732,1775038870472402789,0.000000,15.863057,15.863057,200
1775038870534441566,1775038870534441566,1775038870540804943,0.000000,6.363377,6.363377,200
1775038870721463941,1775038870721463941,1775038870733810081,0.000000,12.346140,12.346140,200
1775038870784050393,1775038870784050393,1775038870790390829,0.000000,6.340436,6.340436,200
1775038870969460311,1775038870969460311,1775038870976137093,0.000000,6.676782,6.676782,200
1775038871012640049,1775038871012640049,1775038871018949293,0.000000,6.309244,6.309244,200
1775038871032676480,1775038871032676480,1775038871039483423,0.000000,6.806943,6.806943,200
1775038871054497883,1775038871054497883,1775038871071285209,0.000000,16.787326,16.787326,200
1775038871141024637,1775038871141024637,1775038871147881693,0.000000,6.857056,6.857056,200
1775038871263541656,1775038871263541656,1775038871271112074,0.000000,7.570418,7.570418,200
1775038871543960637,1775038871543960637,1775038871558836637,0.000000,14.876000,14.876000,200
1775038871590787856,1775038871590787856,1775038871597545485,0.000000,6.757629,6.757629,200
1775038871838757563,1775038871838757563,1775038871845327118,0.000000,6.569555,6.569555,200
1775038871884302378,1775038871884302378,1775038871892534828,0.000000,8.232450,8.232450,200
1775038871941004964,1775038871941004964,1775038871948047898,0.000000,7.042934,7.042934,200
1775038872290322746,1775038872290322746,1775038872296811975,0.000000,6.489229,6.489229,200
1775038872350330703,1775038872350330703,1775038872359816915,0.000000,9.486212,9.486212,200
1775038872428345962,1775038872428345962,1775038872438192285,0.000000,9.846323,9.846323,200
1775038872504936581,1775038872504936581,1775038872511883793,0.000000,6.947212,6.947212,200
1775038872537176342,1775038872537176342,1775038872546439081,0.000000,9.262739,9.262739,200
1775038872645927268,1775038872645927268,1775038872652287130,0.000000,6.359862,6.359862,200
1775038872738956375,1775038872738956375,1775038872745447836,0.000000,6.491461,6.491461,200
1775038872831396890,1775038872831396890,1775038872839158096,0.000000,7.761206,7.761206,200
1775038873079257181,1775038873079257181,1775038873088432680,0.000000,9.175499,9.175499,200
1775038873198492512,1775038873198492512,1775038873204983973,0.000000,6.491461,6.491461,200
1775038873221192460,1775038873221192460,1775038873240653547,0.000000,19.461087,19.461087,200
1775038873393186918,1775038873393186918,1775038873399506698,0.000000,6.319780,6.319780,200
1775038873460252959,1775038873460252959,1775038873470382848,0.000000,10.129889,10.129889,200
1775038873479996113,1775038873479996113,1775038873499633698,0.000000,19.637585,19.637585,200
1775038873499686478,1775038873499686478,1775038873508318572,0.000000,8.632094,8.632094,200
1775038873520642957,1775038873520642957,1775038873531261619,0.000000,10.618662,10.618662,200
1775038873690575677,1775038873690575677,1775038873696899215,0.000000,6.323538,6.323538,200
1775038873738443956,1775038873738443956,1775038873744771910,0.000000,6.327954,6.327954,200
1775038873760172151,1775038873760172151,1775038873766912303,0.000000,6.740152,6.740152,200
1775038873844473481,1775038873844473481,1775038873855701375,0.000000,11.227894,11.227894,200
1775038873873559875,1775038873873559875,1775038873882172374,0.000000,8.612499,8.612499,200
1775038873936174388,1775038873936174388,1775038873943445805,0.000000,7.271417,7.271417,200
1775038874046244281,1775038874046244281,1775038874055465138,0.000000,9.220857,9.220857,200
1775038874170017558,1775038874170017558,1775038874180786193,0.000000,10.768635,10.768635,200
1775038874280893706,1775038874280893706,1775038874292570725,0.000000,11.677019,11.677019,200
1775038874300860645,1775038874300860645,1775038874312315026,0.000000,11.454381,11.454381,200
1775038874319274258,1775038874319274258,1775038874326044817,0.000000,6.770559,6.770559,200
1775038874340185298,1775038874340185298,1775038874346719796,0.000000,6.534498,6.534498,200
1775038874497262966,1775038874497262966,1775038874507729543,0.000000,10.466577,10.466577,200
1775038874543765468,1775038874543765468,1775038874550996121,0.000000,7.230653,7.230653,200
1775038874633936647,1775038874633936647,1775038874640627164,0.000000,6.690517,6.690517,200
1775038874715459950,1775038874715459950,1775038874724997080,0.000000,9.537130,9.537130,200
1775038874757385925,1775038874757385925,1775038874764503030,0.000000,7.117105,7.117105,200
1775038874778543553,1775038874778543553,1775038874785248324,0.000000,6.704771,6.704771,200
1775038874886647865,1775038874886647865,1775038874893259054,0.000000,6.611189,6.611189,200
1775038875026567091,1775038875026567091,1775038875032719270,0.000000,6.152179,6.152179,200
1775038875116971786,1775038875116971786,1775038875124112724,0.000000,7.140938,7.140938,200
1775038875148172016,1775038875148172016,1775038875158301905,0.000000,10.129889,10.129889,200
1775038875200535459,1775038875200535459,1775038875209528936,0.000000,8.993477,8.993477,200
1775038875242228077,1775038875242228077,1775038875249754366,0.000000,7.526289,7.526289,200
1775038875291989707,1775038875291989707,1775038875304017161,0.000000,12.027454,12.027454,200
1775038875338378898,1775038875338378898,1775038875345088720,0.000000,6.709822,6.709822,200
1775038875366115482,1775038875366115482,1775038875372616053,0.000000,6.500571,6.500571,200
1775038875383656325,1775038875383656325,1775038875398532325,0.000000,14.876000,14.876000,200
1775038875662287065,1775038875662287065,1775038875669699109,0.000000,7.412044,7.412044,200
1775038875805712406,1775038875805712406,1775038875814512231,0.000000,8.799825,8.799825,200
1775038875974083061,1775038875974083061,1775038875982716456,0.000000,8.633395,8.633395,200
1775038876034961918,1775038876034961918,1775038876044363379,0.000000,9.401461,9.401461,200
1775038876056622005,1775038876056622005,1775038876066116584,0.000000,9.494579,9.494579,200
1775038876074238317,1775038876074238317,1775038876082225698,0.000000,7.987381,7.987381,200
1775038876159898923,1775038876159898923,1775038876169383501,0.000000,9.484578,9.484578,200
1775038876233200077,1775038876233200077,1775038876239904848,0.000000,6.704771,6.704771,200
1775038876254284550,1775038876254284550,1775038876260683673,0.000000,6.399123,6.399123,200
1775038876328134211,1775038876328134211,1775038876335998051,0.000000,7.863840,7.863840,200
1775038876347260818,1775038876347260818,1775038876353795316,0.000000,6.534498,6.534498,200
1775038876531723608,1775038876531723608,1775038876538277928,0.000000,6.554320,6.554320,200
1775038876718495931,1775038876718495931,1775038876724904952,0.000000,6.409021,6.409021,200
1775038876879079121,1775038876879079121,1775038876886272743,0.000000,7.193622,7.193622,200
1775038876894962453,1775038876894962453,1775038876903974722,0.000000,9.012269,9.012269,200
1775038877000009103,1775038877000009103,1775038877006501306,0.000000,6.492203,6.492203,200
1775038877110815728,1775038877110815728,1775038877117861130,0.000000,7.045402,7.045402,200
1775038877219751753,1775038877219751753,1775038877227078009,0.000000,7.326256,7.326256,200
1775038877296611458,1775038877296611458,1775038877304736267,0.000000,8.124809,8.124809,200
1775038877562135526,1775038877562135526,1775038877570142994,0.000000,8.007468,8.007468,200
1775038877639306115,1775038877639306115,1775038877647590193,0.000000,8.284078,8.284078,200
1775038877768588521,1775038877768588521,1775038877775156205,0.000000,6.567684,6.567684,200
1775038877894806462,1775038877894806462,1775038877901126242,0.000000,6.319780,6.319780,200
1775038878029696598,1775038878029696598,1775038878036266153,0.000000,6.569555,6.569555,200
1775038878180149362,1775038878180149362,1775038878186744658,0.000000,6.595296,6.595296,200
1775038878379837458,1775038878379837458,1775038878391160762,0.000000,11.323304,11.323304,200
1775038878410425479,1775038878410425479,1775038878418158925,0.000000,7.733446,7.733446,200
1775038878505860784,1775038878505860784,1775038878512223499,0.000000,6.362715,6.362715,200
1775038878566579273,1775038878566579273,1775038878579558375,0.000000,12.979102,12.979102,200
1775038878584720248,1775038878584720248,1775038878600583305,0.000000,15.863057,15.863057,200
1775038878671411459,1775038878671411459,1775038878677855928,0.000000,6.444469,6.444469,200
1775038878837946171,1775038878837946171,1775038878845321330,0.000000,7.375159,7.375159,200
1775038878971418066,1775038878971418066,1775038878978561755,0.000000,7.143689,7.143689,200
1775038878993491695,1775038878993491695,1775038878999794101,0.000000,6.302406,6.302406,200
1775038879113299351,1775038879113299351,1775038879121278920,0.000000,7.979569,7.979569,200
1775038879154863097,1775038879154863097,1775038879162189353,0.000000,7.326256,7.326256,200
1775038879233414514,1775038879233414514,1775038879250916029,0.000000,17.501515,17.501515,200
1775038879254205380,1775038879254205380,1775038879263380879,0.000000,9.175499,9.175499,200
1775038879380778021,1775038879380778021,1775038879387181797,0.000000,6.403776,6.403776,200
1775038879452581663,1775038879452581663,1775038879459121838,0.000000,6.540175,6.540175,200
1775038879473281560,1775038879473281560,1775038879480021712,0.000000,6.740152,6.740152,200
1775038879585633998,1775038879585633998,1775038879592381782,0.000000,6.747784,6.747784,200
1775038879710686912,1775038879710686912,1775038879719110198,0.000000,8.423286,8.423286,200
1775038879829458332,1775038879829458332,1775038879838135316,0.000000,8.676984,8.676984,200
1775038879859377581,1775038879859377581,1775038879876879096,0.000000,17.501515,17.501515,200
1775038879900742072,1775038879900742072,1775038879908190620,0.000000,7.448548,7.448548,200
1775038879994132480,1775038879994132480,1775038880007426238,0.000000,13.293758,13.293758,200
1775038880193893776,1775038880193893776,1775038880202863295,0.000000,8.969519,8.969519,200
1775038880444914658,1775038880444914658,1775038880451438411,0.000000,6.523753,6.523753,200
1775038880489343986,1775038880489343986,1775038880496363274,0.000000,7.019288,7.019288,200
1775038880739983136,1775038880739983136,1775038880750113025,0.000000,10.129889,10.129889,200
1775038880867955343,1775038880867955343,1775038880875497903,0.000000,7.542560,7.542560,200
1775038881117605889,1775038881117605889,1775038881126563335,0.000000,8.957446,8.957446,200
1775038881217611767,1775038881217611767,1775038881226656056,0.000000,9.044289,9.044289,200
1775038881237521042,1775038881237521042,1775038881245505058,0.000000,7.984016,7.984016,200
1775038881254247859,1775038881254247859,1775038881261004686,0.000000,6.756827,6.756827,200
1775038881273162861,1775038881273162861,1775038881282163475,0.000000,9.000614,9.000614,200
1775038881292097056,1775038881292097056,1775038881302563633,0.000000,10.466577,10.466577,200
1775038881572702808,1775038881572702808,1775038881580156472,0.000000,7.453664,7.453664,200
1775038881809417956,1775038881809417956,1775038881816112817,0.000000,6.694861,6.694861,200
1775038882043874966,1775038882043874966,1775038882053995257,0.000000,10.120291,10.120291,200
1775038882165019257,1775038882165019257,1775038882171573577,0.000000,6.554320,6.554320,200
1775038882198110217,1775038882198110217,1775038882204850825,0.000000,6.740608,6.740608,200
1775038882388933619,1775038882388933619,1775038882396931873,0.000000,7.998254,7.998254,200
1775038882541351270,1775038882541351270,1775038882549260507,0.000000,7.909237,7.909237,200
1775038882625085180,1775038882625085180,1775038882632378530,0.000000,7.293350,7.293350,200
1775038882730328623,1775038882730328623,1775038882737252869,0.000000,6.924246,6.924246,200
1775038882764766449,1775038882764766449,1775038882771581102,0.000000,6.814653,6.814653,200
1775038882787898291,1775038882787898291,1775038882794810868,0.000000,6.912577,6.912577,200
1775038882812798179,1775038882812798179,1775038882822918470,0.000000,10.120291,10.120291,200
1775038882856086270,1775038882856086270,1775038882862930981,0.000000,6.844711,6.844711,200
1775038883025042950,1775038883025042950,1775038883031903010,0.000000,6.860060,6.860060,200
1775038883338079461,1775038883338079461,1775038883344609704,0.000000,6.530243,6.530243,200
1775038883459132648,1775038883459132648,1775038883465684374,0.000000,6.551726,6.551726,200
1775038883598235842,1775038883598235842,1775038883604467531,0.000000,6.231689,6.231689,200
1775038883629070664,1775038883629070664,1775038883638106808,0.000000,9.036144,9.036144,200
1775038883657040009,1775038883657040009,1775038883663484379,0.000000,6.444370,6.444370,200
1775038883677353700,1775038883677353700,1775038883689699840,0.000000,12.346140,12.346140,200
1775038883698631286,1775038883698631286,1775038883705075294,0.000000,6.444008,6.444008,200
1775038883717017595,1775038883717017595,1775038883723722366,0.000000,6.704771,6.704771,200
1775038883734218194,1775038883734218194,1775038883741768693,0.000000,7.550499,7.550499,200
1775038884051308319,1775038884051308319,1775038884060650041,0.000000,9.341722,9.341722,200
1775038884078027597,1775038884078027597,1775038884084392479,0.000000,6.364882,6.364882,200
1775038884189015910,1775038884189015910,1775038884195567451,0.000000,6.551541,6.551541,200
1775038884536183105,1775038884536183105,1775038884556451854,0.000000,20.268749,20.268749,200
1775038884817174799,1775038884817174799,1775038884823722272,0.000000,6.547473,6.547473,200
1775038885487067023,1775038885487067023,1775038885493418156,0.000000,6.351133,6.351133,200
1775038885580936396,1775038885580936396,1775038885587602377,0.000000,6.665981,6.665981,200
1775038885876940420,1775038885876940420,1775038885885552214,0.000000,8.611794,8.611794,200
1775038885939530899,1775038885939530899,1775038885948447025,0.000000,8.916126,8.916126,200
1775038886219752867,1775038886219752867,1775038886226501040,0.000000,6.748173,6.748173,200
1775038886238550547,1775038886238550547,1775038886247075739,0.000000,8.525192,8.525192,200
1775038886329689564,1775038886329689564,1775038886336188639,0.000000,6.499075,6.499075,200
1775038886424084865,1775038886424084865,1775038886439088374,0.000000,15.003509,15.003509,200
1775038886442870381,1775038886442870381,1775038886450675713,0.000000,7.805332,7.805332,200
1775038886656819156,1775038886656819156,1775038886665164519,0.000000,8.345363,8.345363,200
1775038886683006079,1775038886683006079,1775038886689366282,0.000000,6.360203,6.360203,200
1775038886701895862,1775038886701895862,1775038886709647456,0.000000,7.751594,7.751594,200
1775038886907113146,1775038886907113146,1775038886916959469,0.000000,9.846323,9.846323,200
1775038886939066235,1775038886939066235,1775038886945833262,0.000000,6.767027,6.767027,200
1775038887096730997,1775038887096730997,1775038887108578263,0.000000,11.847266,11.847266,200
1775038887128161935,1775038887128161935,1775038887134919564,0.000000,6.757629,6.757629,200
1775038887146021458,1775038887146021458,1775038887152411840,0.000000,6.390382,6.390382,200
1775038887172622512,1775038887172622512,1775038887179317373,0.000000,6.694861,6.694861,200
1775038887192419805,1775038887192419805,1775038887201775912,0.000000,9.356107,9.356107,200
1775038887238138652,1775038887238138652,1775038887246118221,0.000000,7.979569,7.979569,200
1775038887343552073,1775038887343552073,1775038887350099944,0.000000,6.547871,6.547871,200
1775038887378187561,1775038887378187561,1775038887384761267,0.000000,6.573706,6.573706,200
1775038887502177394,1775038887502177394,1775038887508585442,0.000000,6.408048,6.408048,200
1775038887563799787,1775038887563799787,1775038887573058142,0.000000,9.258355,9.258355,200
1775038887595565719,1775038887595565719,1775038887605342048,0.000000,9.776329,9.776329,200
1775038887752853592,1775038887752853592,1775038887764377233,0.000000,11.523641,11.523641,200
1775038887784026717,1775038887784026717,1775038887791778311,0.000000,7.751594,7.751594,200
1775038887974734043,1775038887974734043,1775038887986691803,0.000000,11.957760,11.957760,200
1775038888174600054,1775038888174600054,1775038888184276223,0.000000,9.676169,9.676169,200
1775038888319881000,1775038888319881000,1775038888328503453,0.000000,8.622453,8.622453,200
1775038888440095331,1775038888440095331,1775038888453722736,0.000000,13.627405,13.627405,200
1775038888462427548,1775038888462427548,1775038888469078236,0.000000,6.650688,6.650688,200
1775038888479670421,1775038888479670421,1775038888487282309,0.000000,7.611888,7.611888,200
1775038888603268358,1775038888603268358,1775038888610964131,0.000000,7.695773,7.695773,200
1775038888691469785,1775038888691469785,1775038888708673827,0.000000,17.204042,17.204042,200
1775038888708829418,1775038888708829418,1775038888715384123,0.000000,6.554705,6.554705,200
1775038888734002910,1775038888734002910,1775038888741214922,0.000000,7.212012,7.212012,200
1775038888755181433,1775038888755181433,1775038888764387761,0.000000,9.206328,9.206328,200
1775038888876630980,1775038888876630980,1775038888887954284,0.000000,11.323304,11.323304,200
1775038889021162106,1775038889021162106,1775038889027577345,0.000000,6.415239,6.415239,200
1775038889049826487,1775038889049826487,1775038889057806056,0.000000,7.979569,7.979569,200
1775038889228131221,1775038889228131221,1775038889234620450,0.000000,6.489229,6.489229,200
1775038889253021005,1775038889253021005,1775038889261346458,0.000000,8.325453,8.325453,200
1775038889273560553,1775038889273560553,1775038889279846564,0.000000,6.286011,6.286011,200
1775038889483067952,1775038889483067952,1775038889490169191,0.000000,7.101239,7.101239,200
1775038889703204286,1775038889703204286,1775038889712240430,0.000000,9.036144,9.036144,200
1775038889924922763,1775038889924922763,1775038889932146715,0.000000,7.223952,7.223952,200
1775038890002696578,1775038890002696578,1775038890009509355,0.000000,6.812777,6.812777,200
1775038890299030853,1775038890299030853,1775038890308594424,0.000000,9.563571,9.563571,200
1775038890376199733,1775038890376199733,1775038890382640590,0.000000,6.440857,6.440857,200
1775038890397455064,1775038890397455064,1775038890404367641,0.000000,6.912577,6.912577,200
1775038890421900398,1775038890421900398,1775038890428366618,0.000000,6.466220,6.466220,200
1775038890442343485,1775038890442343485,1775038890455238439,0.000000,12.894954,12.894954,200
1775038890460796373,1775038890460796373,1775038890468190022,0.000000,7.393649,7.393649,200
1775038890481262803,1775038890481262803,1775038890487568117,0.000000,6.305314,6.305314,200
1775038890500528263,1775038890500528263,1775038890506775507,0.000000,6.247244,6.247244,200
1775038890608123235,1775038890608123235,1775038890614935826,0.000000,6.812591,6.812591,200
1775038890686128062,1775038890686128062,1775038890705589149,0.000000,19.461087,19.461087,200
1775038890763449425,1775038890763449425,1775038890774903806,0.000000,11.454381,11.454381,200
1775038890811887884,1775038890811887884,1775038890818479425,0.000000,6.591541,6.591541,200
1775038890904498539,1775038890904498539,1775038890911163305,0.000000,6.664766,6.664766,200
1775038890997651847,1775038890997651847,1775038891009074973,0.000000,11.423126,11.423126,200
1775038891120967752,1775038891120967752,1775038891127322994,0.000000,6.355242,6.355242,200
1775038891214764484,1775038891214764484,1775038891221841456,0.000000,7.076972,7.076972,200
1775038891556451939,1775038891556451939,1775038891563007594,0.000000,6.555655,6.555655,200
1775038891616685493,1775038891616685493,1775038891623585403,0.000000,6.899910,6.899910,200
1775038891853548649,1775038891853548649,1775038891861833663,0.000000,8.285014,8.285014,200
1775038891885638247,1775038891885638247,1775038891892793362,0.000000,7.155115,7.155115,200
1775038892078566406,1775038892078566406,1775038892089508689,0.000000,10.942283,10.942283,200
1775038892237260683,1775038892237260683,1775038892244298597,0.000000,7.037914,7.037914,200
1775038892269982546,1775038892269982546,1775038892276401755,0.000000,6.419209,6.419209,200
1775038892461728011,1775038892461728011,1775038892468636418,0.000000,6.908407,6.908407,200
1775038892595890749,1775038892595890749,1775038892602733537,0.000000,6.842788,6.842788,200
1775038892762571678,1775038892762571678,1775038892782840427,0.000000,20.268749,20.268749,200
1775038892986890277,1775038892986890277,1775038892993383955,0.000000,6.493678,6.493678,200
1775038893035595313,1775038893035595313,1775038893042371349,0.000000,6.776036,6.776036,200
1775038893051396850,1775038893051396850,1775038893060089441,0.000000,8.692591,8.692591,200
1775038893069064489,1775038893069064489,1775038893075292780,0.000000,6.228291,6.228291,200
1775038893128585798,1775038893128585798,1775038893135859539,0.000000,7.273741,7.273741,200
1775038893453678743,1775038893453678743,1775038893462460488,0.000000,8.781745,8.781745,200
1775038893487746138,1775038893487746138,1775038893494017234,0.000000,6.271096,6.271096,200
1775038893653690491,1775038893653690491,1775038893660300346,0.000000,6.609855,6.609855,200
1775038893770607722,1775038893770607722,1775038893779533193,0.000000,8.925471,8.925471,200
1775038893986696137,1775038893986696137,1775038893997989516,0.000000,11.293379,11.293379,200
1775038894219106676,1775038894219106676,1775038894235025645,0.000000,15.918969,15.918969,200
1775038894468223167,1775038894468223167,1775038894474620693,0.000000,6.397526,6.397526,200
1775038894546747466,1775038894546747466,1775038894554860988,0.000000,8.113522,8.113522,200
1775038894705239492,1775038894705239492,1775038894712163738,0.000000,6.924246,6.924246,200
1775038894889286710,1775038894889286710,1775038894896195117,0.000000,6.908407,6.908407,200
1775038895032375352,1775038895032375352,1775038895041490135,0.000000,9.114783,9.114783,200
1775038895050264084,1775038895050264084,1775038895056575628,0.000000,6.311544,6.311544,200
1775038895066761708,1775038895066761708,1775038895074342081,0.000000,7.580373,7.580373,200
1775038895085506822,1775038895085506822,1775038895091847258,0.000000,6.340436,6.340436,200
1775038895105554601,1775038895105554601,1775038895111975838,0.000000,6.421237,6.421237,200
1775038895124534204,1775038895124534204,1775038895133114333,0.000000,8.580129,8.580129,200
1775038895154195506,1775038895154195506,1775038895163056630,0.000000,8.861124,8.861124,200
1775038895262367128,1775038895262367128,1775038895272290139,0.000000,9.923011,9.923011,200
1775038895282575348,1775038895282575348,1775038895290688870,0.000000,8.113522,8.113522,200
1775038895300899158,1775038895300899158,1775038895307639310,0.000000,6.740152,6.740152,200
1775038895321040418,1775038895321040418,1775038895330983957,0.000000,9.943539,9.943539,200
1775038895337637989,1775038895337637989,1775038895346604299,0.000000,8.966310,8.966310,200
1775038895516957158,1775038895516957158,1775038895529365653,0.000000,12.408495,12.408495,200
1775038895575602885,1775038895575602885,1775038895582261088,0.000000,6.658203,6.658203,200
1775038895597981794,1775038895597981794,1775038895604547249,0.000000,6.565455,6.565455,200
1775038895685107194,1775038895685107194,1775038895691499350,0.000000,6.392156,6.392156,200
1775038895795309183,1775038895795309183,1775038895802162482,0.000000,6.853299,6.853299,200
1775038895878806535,1775038895878806535,1775038895887132619,0.000000,8.326084,8.326084,200
1775038896036232161,1775038896036232161,1775038896046290619,0.000000,10.058458,10.058458,200
1775038896120766256,1775038896120766256,1775038896127165476,0.000000,6.399220,6.399220,200
1775038896283885316,1775038896283885316,1775038896290754847,0.000000,6.869531,6.869531,200
1775038896363459246,1775038896363459246,1775038896369947390,0.000000,6.488144,6.488144,200
1775038896536558330,1775038896536558330,1775038896543388364,0.000000,6.830034,6.830034,200
1775038896662363513,1775038896662363513,1775038896672091684,0.000000,9.728171,9.728171,200
1775038896727637100,1775038896727637100,1775038896737309221,0.000000,9.672121,9.672121,200
1775038896778698893,1775038896778698893,1775038896797747727,0.000000,19.048834,19.048834,200
1775038897511298100,1775038897511298100,1775038897517948788,0.000000,6.650688,6.650688,200
1775038897567934458,1775038897567934458,1775038897574915399,0.000000,6.980941,6.980941,200
1775038897693016872,1775038897693016872,1775038897702511451,0.000000,9.494579,9.494579,200
1775038897839521478,1775038897839521478,1775038897845965025,0.000000,6.443547,6.443547,200
1775038897899542233,1775038897899542233,1775038897908691062,0.000000,9.148829,9.148829,200
1775038898034188010,1775038898034188010,1775038898042319933,0.000000,8.131923,8.131923,200
1775038898358994132,1775038898358994132,1775038898367607577,0.000000,8.613445,8.613445,200
1775038898450843400,1775038898450843400,1775038898460035745,0.000000,9.192345,9.192345,200
1775038898605600654,1775038898605600654,1775038898612837572,0.000000,7.236918,7.236918,200
1775038899151905055,1775038899151905055,1775038899158880849,0.000000,6.975794,6.975794,200
1775038899289936501,1775038899289936501,1775038899296919210,0.000000,6.982709,6.982709,200
1775038899380661529,1775038899380661529,1775038899390225100,0.000000,9.563571,9.563571,200
1775038899512098420,1775038899512098420,1775038899518978855,0.000000,6.880435,6.880435,200
1775038899533438352,1775038899533438352,1775038899541835938,0.000000,8.397586,8.397586,200
1775038899555036859,1775038899555036859,1775038899561998633,0.000000,6.961774,6.961774,200
1775038899575714234,1775038899575714234,1775038899581927203,0.000000,6.212969,6.212969,200
1775038899595706408,1775038899595706408,1775038899604341054,0.000000,8.634646,8.634646,200
1775038899621519928,1775038899621519928,1775038899628725037,0.000000,7.205109,7.205109,200
1775038899677387840,1775038899677387840,1775038899683793928,0.000000,6.406088,6.406088,200
1775038899701464110,1775038899701464110,1775038899713691895,0.000000,12.227785,12.227785,200
1775038899720972234,1775038899720972234,1775038899728135597,0.000000,7.163363,7.163363,200
1775038899863899635,1775038899863899635,1775038899872225088,0.000000,8.325453,8.325453,200
1775038899945123325,1775038899945123325,1775038899961116911,0.000000,15.993586,15.993586,200
1775038899974461687,1775038899974461687,1775038899982849694,0.000000,8.388007,8.388007,200
1775038900050489739,1775038900050489739,1775038900059405865,0.000000,8.916126,8.916126,200
1775038900110506680,1775038900110506680,1775038900117670043,0.000000,7.163363,7.163363,200
1775038900133498917,1775038900133498917,1775038900142094232,0.000000,8.595315,8.595315,200
1775038900394128667,1775038900394128667,1775038900400738522,0.000000,6.609855,6.609855,200
1775038900655741223,1775038900655741223,1775038900662415387,0.000000,6.674164,6.674164,200
1775038900685313865,1775038900685313865,1775038900694113690,0.000000,8.799825,8.799825,200
1775038900963379775,1775038900963379775,1775038900973820243,0.000000,10.440468,10.440468,200
1775038900994888636,1775038900994888636,1775038901004484552,0.000000,9.595916,9.595916,200
1775038901213932045,1775038901213932045,1775038901220259999,0.000000,6.327954,6.327954,200
1775038901307619290,1775038901307619290,1775038901320799721,0.000000,13.180431,13.180431,200
1775038901372510623,1775038901372510623,1775038901382812508,0.000000,10.301885,10.301885,200
1775038901401327843,1775038901401327843,1775038901411959761,0.000000,10.631918,10.631918,200
1775038901513660492,1775038901513660492,1775038901522293887,0.000000,8.633395,8.633395,200
1775038901682372063,1775038901682372063,1775038901688691843,0.000000,6.319780,6.319780,200
1775038901745078416,1775038901745078416,1775038901754780065,0.000000,9.701649,9.701649,200
1775038901806759334,1775038901806759334,1775038901822509395,0.000000,15.750061,15.750061,200
1775038901838014866,1775038901838014866,1775038901845034154,0.000000,7.019288,7.019288,200
1775038902148044175,1775038902148044175,1775038902155026687,0.000000,6.982512,6.982512,200
1775038902201604265,1775038902201604265,1775038902212469500,0.000000,10.865235,10.865235,200
1775038902223299487,1775038902223299487,1775038902231583565,0.000000,8.284078,8.284078,200
1775038902244401859,1775038902244401859,1775038902252135305,0.000000,7.733446,7.733446,200
1775038902368473253,1775038902368473253,1775038902374826201,0.000000,6.352948,6.352948,200
1775038902493450003,1775038902493450003,1775038902500567108,0.000000,7.117105,7.117105,200
1775038902757948591,1775038902757948591,1775038902765324009,0.000000,7.375418,7.375418,200
1775038903114031532,1775038903114031532,1775038903120267629,0.000000,6.236097,6.236097,200
1775038903410873925,1775038903410873925,1775038903417975164,0.000000,7.101239,7.101239,200
1775038903422960616,1775038903422960616,1775038903431639316,0.000000,8.678700,8.678700,200
1775038903441527922,1775038903441527922,1775038903449057797,0.000000,7.529875,7.529875,200
1775038903596840804,1775038903596840804,1775038903603410271,0.000000,6.569467,6.569467,200
1775038903675064464,1775038903675064464,1775038903681963514,0.000000,6.899050,6.899050,200
1775038903784141528,1775038903784141528,1775038903792655746,0.000000,8.514218,8.514218,200
1775038903796052267,1775038903796052267,1775038903804392146,0.000000,8.339879,8.339879,200
1775038904047257368,1775038904047257368,1775038904063820787,0.000000,16.563419,16.563419,200
1775038904094074255,1775038904094074255,1775038904105681276,0.000000,11.607021,11.607021,200
1775038904142055027,1775038904142055027,1775038904148638419,0.000000,6.583392,6.583392,200
1775038904310778146,1775038904310778146,1775038904319558105,0.000000,8.779959,8.779959,200
1775038904359035873,1775038904359035873,1775038904365793502,0.000000,6.757629,6.757629,200
1775038904380665205,1775038904380665205,1775038904387936622,0.000000,7.271417,7.271417,200
1775038904437248825,1775038904437248825,1775038904443846108,0.000000,6.597283,6.597283,200
1775038904459110744,1775038904459110744,1775038904466486162,0.000000,7.375418,7.375418,200
1775038904590618928,1775038904590618928,1775038904596771107,0.000000,6.152179,6.152179,200
1775038904716145417,1775038904716145417,1775038904727953100,0.000000,11.807683,11.807683,200
1775038904747271351,1775038904747271351,1775038904754138358,0.000000,6.867007,6.867007,200
1775038904885859319,1775038904885859319,1775038904896777626,0.000000,10.918307,10.918307,200
1775038904916998547,1775038904916998547,1775038904923833830,0.000000,6.835283,6.835283,200
1775038904938490376,1775038904938490376,1775038904950789707,0.000000,12.299331,12.299331,200
1775038904959504157,1775038904959504157,1775038904969262868,0.000000,9.758711,9.758711,200
1775038904982467707,1775038904982467707,1775038904990090553,0.000000,7.622846,7.622846,200
1775038905041698067,1775038905041698067,1775038905054211659,0.000000,12.513592,12.513592,200
1775038905075167879,1775038905075167879,1775038905082629794,0.000000,7.461915,7.461915,200
1775038905123002284,1775038905123002284,1775038905132490527,0.000000,9.488243,9.488243,200
1775038905258044853,1775038905258044853,1775038905267628248,0.000000,9.583395,9.583395,200
1775038905335118089,1775038905335118089,1775038905346335389,0.000000,11.217300,11.217300,200
1775038905381399590,1775038905381399590,1775038905387754832,0.000000,6.355242,6.355242,200
1775038905431872328,1775038905431872328,1775038905438083086,0.000000,6.210758,6.210758,200
1775038905537406117,1775038905537406117,1775038905547099094,0.000000,9.692977,9.692977,200
1775038905552885992,1775038905552885992,1775038905561222779,0.000000,8.336787,8.336787,200
1775038905659845944,1775038905659845944,1775038905666874045,0.000000,7.028101,7.028101,200
1775038905720366870,1775038905720366870,1775038905726868964,0.000000,6.502094,6.502094,200
1775038905925814500,1775038905925814500,1775038905932519627,0.000000,6.705127,6.705127,200
1775038906060203631,1775038906060203631,1775038906066744165,0.000000,6.540534,6.540534,200
1775038906193803606,1775038906193803606,1775038906202351120,0.000000,8.547514,8.547514,200
1775038906215985726,1775038906215985726,1775038906222699126,0.000000,6.713400,6.713400,200
1775038906238352692,1775038906238352692,1775038906244878782,0.000000,6.526090,6.526090,200
1775038906280739794,1775038906280739794,1775038906290086846,0.000000,9.347052,9.347052,200
1775038906341618439,1775038906341618439,1775038906351163334,0.000000,9.544895,9.544895,200
1775038906418229101,1775038906418229101,1775038906426130349,0.000000,7.901248,7.901248,200
1775038906476445894,1775038906476445894,1775038906486876500,0.000000,10.430606,10.430606,200
1775038906541823498,1775038906541823498,1775038906556699498,0.000000,14.876000,14.876000,200
1775038906620833134,1775038906620833134,1775038906628566580,0.000000,7.733446,7.733446,200
1775038906933565045,1775038906933565045,1775038906941319752,0.000000,7.754707,7.754707,200
1775038907197943715,1775038907197943715,1775038907206879814,0.000000,8.936099,8.936099,200
1775038907433467697,1775038907433467697,1775038907448343697,0.000000,14.876000,14.876000,200
1775038907494109744,1775038907494109744,1775038907501298063,0.000000,7.188319,7.188319,200
1775038907528612869,1775038907528612869,1775038907537466060,0.000000,8.853191,8.853191,200
1775038907682675047,1775038907682675047,1775038907694450997,0.000000,11.775950,11.775950,200
1775038907730977529,1775038907730977529,1775038907737835905,0.000000,6.858376,6.858376,200
1775038907753946900,1775038907753946900,1775038907760344437,0.000000,6.397537,6.397537,200
1775038907778066362,1775038907778066362,1775038907784398488,0.000000,6.332126,6.332126,200
1775038907810556634,1775038907810556634,1775038907819550111,0.000000,8.993477,8.993477,200
1775038907844607948,1775038907844607948,1775038907851743281,0.000000,7.135333,7.135333,200
1775038907930877556,1775038907930877556,1775038907941819839,0.000000,10.942283,10.942283,200
1775038908023014410,1775038908023014410,1775038908032546417,0.000000,9.532007,9.532007,200
1775038908114671018,1775038908114671018,1775038908121513806,0.000000,6.842788,6.842788,200
1775038908271292215,1775038908271292215,1775038908281180215,0.000000,9.888000,9.888000,200
1775038908347458909,1775038908347458909,1775038908354225936,0.000000,6.767027,6.767027,200
1775038908491179648,1775038908491179648,1775038908497866468,0.000000,6.686820,6.686820,200
1775038908552220234,1775038908552220234,1775038908558754282,0.000000,6.534048,6.534048,200
1775038908576847752,1775038908576847752,1775038908586149047,0.000000,9.301295,9.301295,200
1775038908667603263,1775038908667603263,1775038908675582832,0.000000,7.979569,7.979569,200
1775038908688845339,1775038908688845339,1775038908701358931,0.000000,12.513592,12.513592,200
1775038908717954934,1775038908717954934,1775038908724566123,0.000000,6.611189,6.611189,200
1775038908737823506,1775038908737823506,1775038908744370299,0.000000,6.546793,6.546793,200
1775038908757540290,1775038908757540290,1775038908766594052,0.000000,9.053762,9.053762,200
1775038908783685901,1775038908783685901,1775038908792901044,0.000000,9.215143,9.215143,200
1775038908805585941,1775038908805585941,1775038908814806798,0.000000,9.220857,9.220857,200
1775038908954185374,1775038908954185374,1775038908962311022,0.000000,8.125648,8.125648,200
1775038909001030487,1775038909001030487,1775038909007725348,0.000000,6.694861,6.694861,200
1775038909217961626,1775038909217961626,1775038909227224341,0.000000,9.262715,9.262715,200
1775038909328792138,1775038909328792138,1775038909335138032,0.000000,6.345894,6.345894,200
1775038909478197384,1775038909478197384,1775038909489251788,0.000000,11.054404,11.054404,200
1775038909499046796,1775038909499046796,1775038909505889584,0.000000,6.842788,6.842788,200
1775038909518973502,1775038909518973502,1775038909528484709,0.000000,9.511207,9.511207,200
1775038909538425215,1775038909538425215,1775038909547117296,0.000000,8.692081,8.692081,200
1775038909575495972,1775038909575495972,1775038909581855834,0.000000,6.359862,6.359862,200
1775038909653350238,1775038909653350238,1775038909663480127,0.000000,10.129889,10.129889,200
1775038909986302446,1775038909986302446,1775038909993369468,0.000000,7.067022,7.067022,200
1775038910219737120,1775038910219737120,1775038910232145615,0.000000,12.408495,12.408495,200
1775038910261746356,1775038910261746356,1775038910268462037,0.000000,6.715681,6.715681,200
1775038910419489877,1775038910419489877,1775038910428752592,0.000000,9.262715,9.262715,200
1775038910480317311,1775038910480317311,1775038910486720556,0.000000,6.403245,6.403245,200
1775038910505068418,1775038910505068418,1775038910514612184,0.000000,9.543766,9.543766,200
1775038910528314793,1775038910528314793,1775038910535297305,0.000000,6.982512,6.982512,200
1775038910665314452,1775038910665314452,1775038910682629064,0.000000,17.314612,17.314612,200
1775038910686779913,1775038910686779913,1775038910693178351,0.000000,6.398438,6.398438,200
1775038910710410299,1775038910710410299,1775038910716807825,0.000000,6.397526,6.397526,200
1775038910919529440,1775038910919529440,1775038910926398751,0.000000,6.869311,6.869311,200
1775038910961442429,1775038910961442429,1775038910973257911,0.000000,11.815482,11.815482,200
1775038911169251112,1775038911169251112,1775038911176120643,0.000000,6.869531,6.869531,200
1775038911244699845,1775038911244699845,1775038911251598895,0.000000,6.899050,6.899050,200
1775038911352787654,1775038911352787654,1775038911362052131,0.000000,9.264477,9.264477,200
1775038911395376759,1775038911395376759,1775038911402733454,0.000000,7.356695,7.356695,200
1775038911414437037,1775038911414437037,1775038911420961763,0.000000,6.524726,6.524726,200
1775038911478233619,1775038911478233619,1775038911484557157,0.000000,6.323538,6.323538,200
1775038911561191420,1775038911561191420,1775038911568946127,0.000000,7.754707,7.754707,200
1775038911703359138,1775038911703359138,1775038911712544221,0.000000,9.185083,9.185083,200
1775038911733102291,1775038911733102291,1775038911739517442,0.000000,6.415151,6.415151,200
1775038911999326116,1775038911999326116,1775038912006788231,0.000000,7.462115,7.462115,200
1775038912153637859,1775038912153637859,1775038912160444802,0.000000,6.806943,6.806943,200
1775038912188871452,1775038912188871452,1775038912199022108,0.000000,10.150656,10.150656,200
1775038912212464671,1775038912212464671,1775038912219159532,0.000000,6.694861,6.694861,200
1775038912233201178,1775038912233201178,1775038912241486192,0.000000,8.285014,8.285014,200
1775038912479078137,1775038912479078137,1775038912486288852,0.000000,7.210715,7.210715,200
1775038912588097622,1775038912588097622,1775038912594615207,0.000000,6.517585,6.517585,200
1775038912621533894,1775038912621533894,1775038912629284611,0.000000,7.750717,7.750717,200
1775038912713147398,1775038912713147398,1775038912721839479,0.000000,8.692081,8.692081,200
1775038912822429228,1775038912822429228,1775038912832205557,0.000000,9.776329,9.776329,200
1775038912946171683,1775038912946171683,1775038912954000880,0.000000,7.829197,7.829197,200
1775038913037613782,1775038913037613782,1775038913048335633,0.000000,10.721851,10.721851,200
1775038913096884745,1775038913096884745,1775038913107325213,0.000000,10.440468,10.440468,200
1775038913303341164,1775038913303341164,1775038913311088500,0.000000,7.747336,7.747336,200
1775038913444026179,1775038913444026179,1775038913452555833,0.000000,8.529654,8.529654,200
1775038913724064938,1775038913724064938,1775038913731295591,0.000000,7.230653,7.230653,200
1775038913820190738,1775038913820190738,1775038913826938522,0.000000,6.747784,6.747784,200
1775038913882421288,1775038913882421288,1775038913889141289,0.000000,6.720001,6.720001,200
1775038913957686442,1775038913957686442,1775038913964763414,0.000000,7.076972,7.076972,200
1775038914002251989,1775038914002251989,1775038914010886635,0.000000,8.634646,8.634646,200
1775038914128324052,1775038914128324052,1775038914135464990,0.000000,7.140938,7.140938,200
1775038914191972638,1775038914191972638,1775038914198145027,0.000000,6.172389,6.172389,200
1775038914377062657,1775038914377062657,1775038914383477808,0.000000,6.415151,6.415151,200
1775038914500645939,1775038914500645939,1775038914512461421,0.000000,11.815482,11.815482,200
1775038914623953424,1775038914623953424,1775038914631328583,0.000000,7.375159,7.375159,200
1775038914660546914,1775038914660546914,1775038914667358343,0.000000,6.811429,6.811429,200
1775038914688730448,1775038914688730448,1775038914700365648,0.000000,11.635200,11.635200,200
1775038914710248291,1775038914710248291,1775038914723227393,0.000000,12.979102,12.979102,200
1775038914820629494,1775038914820629494,1775038914829761059,0.000000,9.131565,9.131565,200
1775038914842411461,1775038914842411461,1775038914854602848,0.000000,12.191387,12.191387,200
1775038915056286894,1775038915056286894,1775038915069978853,0.000000,13.691959,13.691959,200
1775038915102167774,1775038915102167774,1775038915108451340,0.000000,6.283566,6.283566,200
1775038915240538819,1775038915240538819,1775038915247947705,0.000000,7.408886,7.408886,200
1775038915270712742,1775038915270712742,1775038915278640999,0.000000,7.928257,7.928257,200
1775038915398681026,1775038915398681026,1775038915411575980,0.000000,12.894954,12.894954,200
1775038915492865474,1775038915492865474,1775038915512553889,0.000000,19.688415,19.688415,200
1775038915663990694,1775038915663990694,1775038915673790956,0.000000,9.800262,9.800262,200
1775038915723533541,1775038915723533541,1775038915731617220,0.000000,8.083679,8.083679,200
1775038915743690651,1775038915743690651,1775038915750300506,0.000000,6.609855,6.609855,200
1775038915766309795,1775038915766309795,1775038915772522764,0.000000,6.212969,6.212969,200
1775038915799492712,1775038915799492712,1775038915806238210,0.000000,6.745498,6.745498,200
1775038915825674473,1775038915825674473,1775038915833658489,0.000000,7.984016,7.984016,200
1775038915847235992,1775038915847235992,1775038915855928704,0.000000,8.692712,8.692712,200
1775038915869532402,1775038915869532402,1775038915877476939,0.000000,7.944537,7.944537,200
1775038915891740796,1775038915891740796,1775038915898715562,0.000000,6.974766,6.974766,200
1775038915980812225,1775038915980812225,1775038915989458071,0.000000,8.645846,8.645846,200
1775038916006856764,1775038916006856764,1775038916013344908,0.000000,6.488144,6.488144,200
1775038916026583936,1775038916026583936,1775038916033072080,0.000000,6.488144,6.488144,200
1775038916049176037,1775038916049176037,1775038916055620045,0.000000,6.444008,6.444008,200
1775038916078510466,1775038916078510466,1775038916089833770,0.000000,11.323304,11.323304,200
1775038916303654278,1775038916303654278,1775038916314708682,0.000000,11.054404,11.054404,200
1775038916340548720,1775038916340548720,1775038916347040181,0.000000,6.491461,6.491461,200
1775038916363064165,1775038916363064165,1775038916373455962,0.000000,10.391797,10.391797,200
1775038916390500282,1775038916390500282,1775038916439901299,0.000000,49.401017,49.401017,200
1775038916442362825,1775038916442362825,1775038916450406927,0.000000,8.044102,8.044102,200
1775038916545508323,1775038916545508323,1775038916561501909,0.000000,15.993586,15.993586,200
1775038916592348010,1775038916592348010,1775038916599104837,0.000000,6.756827,6.756827,200
1775038916615015506,1775038916615015506,1775038916623452150,0.000000,8.436644,8.436644,200
1775038916670141372,1775038916670141372,1775038916680760034,0.000000,10.618662,10.618662,200
1775038916734366754,1775038916734366754,1775038916741698253,0.000000,7.331499,7.331499,200
1775038916756979725,1775038916756979725,1775038916767563028,0.000000,10.583303,10.583303,200
1775038916779387755,1775038916779387755,1775038916785500127,0.000000,6.112372,6.112372,200
1775038916815323415,1775038916815323415,1775038916823608429,0.000000,8.285014,8.285014,200
1775038916871081890,1775038916871081890,1775038916878955166,0.000000,7.873276,7.873276,200
1775038917020784564,1775038917020784564,1775038917027532737,0.000000,6.748173,6.748173,200
1775038917112593074,1775038917112593074,1775038917119924266,0.000000,7.331192,7.331192,200
1775038917131517138,1775038917131517138,1775038917138562540,0.000000,7.045402,7.045402,200
1775038917187304851,1775038917187304851,1775038917194015208,0.000000,6.710357,6.710357,200
1775038917250165145,1775038917250165145,1775038917257728439,0.000000,7.563294,7.563294,200
1775038917295959766,1775038917295959766,1775038917305635935,0.000000,9.676169,9.676169,200
1775038917334753521,1775038917334753521,1775038917342304020,0.000000,7.550499,7.550499,200
1775038917477814479,1775038917477814479,1775038917487645956,0.000000,9.831477,9.831477,200
1775038917619229161,1775038917619229161,1775038917625865857,0.000000,6.636696,6.636696,200
1775038917686967661,1775038917686967661,1775038917709665351,0.000000,22.697690,22.697690,200
1775038917783567975,1775038917783567975,1775038917800882587,0.000000,17.314612,17.314612,200
1775038917838917147,1775038917838917147,1775038917847543435,0.000000,8.626288,8.626288,200
1775038917862224270,1775038917862224270,1775038917870383576,0.000000,8.159306,8.159306,200
1775038918487980330,1775038918487980330,1775038918495510205,0.000000,7.529875,7.529875,200
1775038918547868067,1775038918547868067,1775038918557877819,0.000000,10.009752,10.009752,200
1775038918721739477,1775038918721739477,1775038918728552254,0.000000,6.812777,6.812777,200
1775038918863293092,1775038918863293092,1775038918870896014,0.000000,7.602922,7.602922,200
1775038918889861841,1775038918889861841,1775038918896153308,0.000000,6.291467,6.291467,200
1775038918938230490,1775038918938230490,1775038918947934296,0.000000,9.703806,9.703806,200
1775038919138429942,1775038919138429942,1775038919150341252,0.000000,11.911310,11.911310,200
1775038919244205138,1775038919244205138,1775038919257832543,0.000000,13.627405,13.627405,200
1775038919266377271,1775038919266377271,1775038919273719294,0.000000,7.342023,7.342023,200
1775038919339420545,1775038919339420545,1775038919350219481,0.000000,10.798936,10.798936,200
1775038919387768817,1775038919387768817,1775038919401911659,0.000000,14.142842,14.142842,200
1775038919410332390,1775038919410332390,1775038919420152092,0.000000,9.819702,9.819702,200
1775038919478686652,1775038919478686652,1775038919487697266,0.000000,9.010614,9.010614,200
1775038919507864709,1775038919507864709,1775038919515554985,0.000000,7.690276,7.690276,200
1775038919678257596,1775038919678257596,1775038919687227115,0.000000,8.969519,8.969519,200
1775038919832823055,1775038919832823055,1775038919839570839,0.000000,6.747784,6.747784,200
1775038919941275369,1775038919941275369,1775038919947604637,0.000000,6.329268,6.329268,200
1775038920052217883,1775038920052217883,1775038920065772396,0.000000,13.554513,13.554513,200
1775038920097765337,1775038920097765337,1775038920104623713,0.000000,6.858376,6.858376,200
1775038920163880199,1775038920163880199,1775038920170058540,0.000000,6.178341,6.178341,200
1775038920188818203,1775038920188818203,1775038920195779977,0.000000,6.961774,6.961774,200
1775038920209741837,1775038920209741837,1775038920218104827,0.000000,8.362990,8.362990,200
1775038920418152443,1775038920418152443,1775038920427751769,0.000000,9.599326,9.599326,200
1775038920509455108,1775038920509455108,1775038920516454460,0.000000,6.999352,6.999352,200
1775038920585433149,1775038920585433149,1775038920593846461,0.000000,8.413312,8.413312,200
1775038920661350944,1775038920661350944,1775038920670477000,0.000000,9.126056,9.126056,200
1775038920738613073,1775038920738613073,1775038920747001080,0.000000,8.388007,8.388007,200
1775038920865706426,1775038920865706426,1775038920873547419,0.000000,7.840993,7.840993,200
1775038921096570683,1775038921096570683,1775038921113966681,0.000000,17.395998,17.395998,200
1775038921207190177,1775038921207190177,1775038921213683855,0.000000,6.493678,6.493678,200
1775038921229327297,1775038921229327297,1775038921242340237,0.000000,13.012940,13.012940,200
1775038921251569827,1775038921251569827,1775038921265834808,0.000000,14.264981,14.264981,200
1775038921274867981,1775038921274867981,1775038921285185151,0.000000,10.317170,10.317170,200
1775038921419691673,1775038921419691673,1775038921427356149,0.000000,7.664476,7.664476,200
1775038921527557248,1775038921527557248,1775038921536654096,0.000000,9.096848,9.096848,200
1775038921569634965,1775038921569634965,1775038921578058251,0.000000,8.423286,8.423286,200
1775038921666792391,1775038921666792391,1775038921673893030,0.000000,7.100639,7.100639,200
1775038921895623390,1775038921895623390,1775038921904316386,0.000000,8.692996,8.692996,200
1775038921920002231,1775038921920002231,1775038921927137706,0.000000,7.135475,7.135475,200
1775038921939470778,1775038921939470778,1775038921946025098,0.000000,6.554320,6.554320,200
1775038921960355779,1775038921960355779,1775038921966930447,0.000000,6.574668,6.574668,200
1775038922112248052,1775038922112248052,1775038922121047877,0.000000,8.799825,8.799825,200
1775038922133216538,1775038922133216538,1775038922142445998,0.000000,9.229460,9.229460,200
1775038922159251618,1775038922159251618,1775038922166462333,0.000000,7.210715,7.210715,200
1775038922180823343,1775038922180823343,1775038922188137851,0.000000,7.314508,7.314508,200
1775038922345804399,1775038922345804399,1775038922352807092,0.000000,7.002693,7.002693,200
1775038922376028709,1775038922376028709,1775038922383290546,0.000000,7.261837,7.261837,200
1775038922433084942,1775038922433084942,1775038922440163581,0.000000,7.078639,7.078639,200
1775038922455611557,1775038922455611557,1775038922462747032,0.000000,7.135475,7.135475,200
1775038922517853239,1775038922517853239,1775038922529276365,0.000000,11.423126,11.423126,200
1775038922694801156,1775038922694801156,1775038922701615809,0.000000,6.814653,6.814653,200
1775038922779403879,1775038922779403879,1775038922788374240,0.000000,8.970361,8.970361,200
1775038922817786942,1775038922817786942,1775038922824231312,0.000000,6.444370,6.444370,200
1775038922868148047,1775038922868148047,1775038922876575270,0.000000,8.427223,8.427223,200
1775038922902620095,1775038922902620095,1775038922911717085,0.000000,9.096990,9.096990,200
1775038923069248559,1775038923069248559,1775038923077920944,0.000000,8.672385,8.672385,200
1775038923179662459,1775038923179662459,1775038923190894180,0.000000,11.231721,11.231721,200
1775038923246129162,1775038923246129162,1775038923254116543,0.000000,7.987381,7.987381,200
1775038923280420661,1775038923280420661,1775038923289118494,0.000000,8.697833,8.697833,200
1775038923300229264,1775038923300229264,1775038923308936662,0.000000,8.707398,8.707398,200
1775038923323081097,1775038923323081097,1775038923329950408,0.000000,6.869311,6.869311,200
1775038923363210170,1775038923363210170,1775038923373954248,0.000000,10.744078,10.744078,200
1775038923428912941,1775038923428912941,1775038923435807619,0.000000,6.894678,6.894678,200
1775038923587239719,1775038923587239719,1775038923597888412,0.000000,10.648693,10.648693,200
1775038923653678839,1775038923653678839,1775038923667260858,0.000000,13.582019,13.582019,200
1775038923695981932,1775038923695981932,1775038923702673456,0.000000,6.691524,6.691524,200
1775038923717766391,1775038923717766391,1775038923725694648,0.000000,7.928257,7.928257,200
1775038923856989759,1775038923856989759,1775038923863466941,0.000000,6.477182,6.477182,200
1775038923979718853,1775038923979718853,1775038923986606607,0.000000,6.887754,6.887754,200
1775038924040212589,1775038924040212589,1775038924046590708,0.000000,6.378119,6.378119,200
1775038924186147582,1775038924186147582,1775038924192546010,0.000000,6.398428,6.398428,200
1775038924277472107,1775038924277472107,1775038924284176878,0.000000,6.704771,6.704771,200
1775038924293399224,1775038924293399224,1775038924301002146,0.000000,7.602922,7.602922,200
1775038924321342539,1775038924321342539,1775038924330934387,0.000000,9.591848,9.591848,200
1775038924417501654,1775038924417501654,1775038924426107399,0.000000,8.605745,8.605745,200
1775038924463050492,1775038924463050492,1775038924472726661,0.000000,9.676169,9.676169,200
1775038924712377627,1775038924712377627,1775038924718597049,0.000000,6.219422,6.219422,200
1775038924775176753,1775038924775176753,1775038924784742242,0.000000,9.565489,9.565489,200
1775038924834476972,1775038924834476972,1775038924842803056,0.000000,8.326084,8.326084,200
1775038925021305064,1775038925021305064,1775038925030271374,0.000000,8.966310,8.966310,200
1775038925146173764,1775038925146173764,1775038925154915657,0.000000,8.741893,8.741893,200
1775038925207439265,1775038925207439265,1775038925225147617,0.000000,17.708352,17.708352,200
1775038925311279297,1775038925311279297,1775038925320115813,0.000000,8.836516,8.836516,200
1775038925331757821,1775038925331757821,1775038925338243770,0.000000,6.485949,6.485949,200
1775038925350444383,1775038925350444383,1775038925358735799,0.000000,8.291416,8.291416,200
1775038925501763047,1775038925501763047,1775038925511119154,0.000000,9.356107,9.356107,200
1775038925564416356,1775038925564416356,1775038925572755578,0.000000,8.339222,8.339222,200
1775038925843006908,1775038925843006908,1775038925850430233,0.000000,7.423325,7.423325,200
1775038925889647468,1775038925889647468,1775038925896507945,0.000000,6.860477,6.860477,200
1775038925915181198,1775038925915181198,1775038925923103143,0.000000,7.921945,7.921945,200
1775038925945073043,1775038925945073043,1775038925951613218,0.000000,6.540175,6.540175,200
1775038926279885778,1775038926279885778,1775038926287436277,0.000000,7.550499,7.550499,200
1775038926385673977,1775038926385673977,1775038926392947718,0.000000,7.273741,7.273741,200
1775038926407971057,1775038926407971057,1775038926415302249,0.000000,7.331192,7.331192,200
1775038926448166793,1775038926448166793,1775038926454574626,0.000000,6.407833,6.407833,200
1775038926574276427,1775038926574276427,1775038926582689739,0.000000,8.413312,8.413312,200
1775038926624937420,1775038926624937420,1775038926632131042,0.000000,7.193622,7.193622,200
1775038926651571716,1775038926651571716,1775038926658101959,0.000000,6.530243,6.530243,200
1775038926807090892,1775038926807090892,1775038926814293513,0.000000,7.202621,7.202621,200
1775038926834293876,1775038926834293876,1775038926842673112,0.000000,8.379236,8.379236,200
1775038926860673908,1775038926860673908,1775038926868124950,0.000000,7.451042,7.451042,200
1775038926880060758,1775038926880060758,1775038926887963672,0.000000,7.902914,7.902914,200
1775038926901198444,1775038926901198444,1775038926915064187,0.000000,13.865743,13.865743,200
1775038927134538386,1775038927134538386,1775038927144128434,0.000000,9.590048,9.590048,200
1775038927354283824,1775038927354283824,1775038927361138215,0.000000,6.854391,6.854391,200
1775038927398923801,1775038927398923801,1775038927407156251,0.000000,8.232450,8.232450,200
1775038927620593478,1775038927620593478,1775038927646973568,0.000000,26.380090,26.380090,200
1775038927744416837,1775038927744416837,1775038927755215773,0.000000,10.798936,10.798936,200
1775038927799932620,1775038927799932620,1775038927807969959,0.000000,8.037339,8.037339,200
1775038927837625871,1775038927837625871,1775038927844432814,0.000000,6.806943,6.806943,200
1775038927869381156,1775038927869381156,1775038927878381770,0.000000,9.000614,9.000614,200
1775038927903640950,1775038927903640950,1775038927910843537,0.000000,7.202587,7.202587,200
1775038927949201714,1775038927949201714,1775038927955856036,0.000000,6.654322,6.654322,200
1775038927983144116,1775038927983144116,1775038927991564480,0.000000,8.420364,8.420364,200
1775038928004492324,1775038928004492324,1775038928014662814,0.000000,10.170490,10.170490,200
1775038928030964912,1775038928030964912,1775038928040173191,0.000000,9.208279,9.208279,200
1775038928222662272,1775038928222662272,1775038928228834661,0.000000,6.172389,6.172389,200
1775038928280227909,1775038928280227909,1775038928288130185,0.000000,7.902276,7.902276,200
1775038928301227269,1775038928301227269,1775038928310185699,0.000000,8.958430,8.958430,200
1775038928675965724,1775038928675965724,1775038928683806717,0.000000,7.840993,7.840993,200
1775038928706245689,1775038928706245689,1775038928712986297,0.000000,6.740608,6.740608,200
1775038928863639812,1775038928863639812,1775038928869950125,0.000000,6.310313,6.310313,200
1775038928955116727,1775038928955116727,1775038928962217366,0.000000,7.100639,7.100639,200
1775038929005106462,1775038929005106462,1775038929028218542,0.000000,23.112080,23.112080,200
1775038929075387977,1775038929075387977,1775038929084579552,0.000000,9.191575,9.191575,200
1775038929110139036,1775038929110139036,1775038929117032241,0.000000,6.893205,6.893205,200
1775038929139230036,1775038929139230036,1775038929145795135,0.000000,6.565099,6.565099,200
1775038929165801725,1775038929165801725,1775038929174812339,0.000000,9.010614,9.010614,200
1775038929188408198,1775038929188408198,1775038929195404437,0.000000,6.996239,6.996239,200
1775038929206859120,1775038929206859120,1775038929214857374,0.000000,7.998254,7.998254,200
1775038929377366428,1775038929377366428,1775038929383990052,0.000000,6.623624,6.623624,200
1775038929451879813,1775038929451879813,1775038929458217309,0.000000,6.337496,6.337496,200
1775038929486757005,1775038929486757005,1775038929493902759,0.000000,7.145754,7.145754,200
1775038929500429732,1775038929500429732,1775038929509182129,0.000000,8.752397,8.752397,200
1775038929524039162,1775038929524039162,1775038929532163971,0.000000,8.124809,8.124809,200
1775038929549092653,1775038929549092653,1775038929555395059,0.000000,6.302406,6.302406,200
1775038929688738609,1775038929688738609,1775038929695662855,0.000000,6.924246,6.924246,200
1775038929842795444,1775038929842795444,1775038929853539522,0.000000,10.744078,10.744078,200
1775038930045701031,1775038930045701031,1775038930054695608,0.000000,8.994577,8.994577,200
1775038930109012304,1775038930109012304,1775038930115605149,0.000000,6.592845,6.592845,200
1775038930249112161,1775038930249112161,1775038930255611236,0.000000,6.499075,6.499075,200
1775038930529491050,1775038930529491050,1775038930535889488,0.000000,6.398438,6.398438,200
1775038930619359847,1775038930619359847,1775038930626813511,0.000000,7.453664,7.453664,200
1775038930763033233,1775038930763033233,1775038930769630516,0.000000,6.597283,6.597283,200
1775038930963116152,1775038930963116152,1775038930970842389,0.000000,7.726237,7.726237,200
1775038931040985060,1775038931040985060,1775038931048102165,0.000000,7.117105,7.117105,200
1775038931130062101,1775038931130062101,1775038931138572442,0.000000,8.510341,8.510341,200
1775038931150496035,1775038931150496035,1775038931156945036,0.000000,6.449001,6.449001,200
1775038931304166990,1775038931304166990,1775038931313159927,0.000000,8.992937,8.992937,200
1775038931478622277,1775038931478622277,1775038931486961205,0.000000,8.338928,8.338928,200
1775038931730507323,1775038931730507323,1775038931740824493,0.000000,10.317170,10.317170,200
1775038931770809572,1775038931770809572,1775038931778524749,0.000000,7.715177,7.715177,200
1775038931940790000,1775038931940790000,1775038931950052715,0.000000,9.262715,9.262715,200
1775038932096768488,1775038932096768488,1775038932103338043,0.000000,6.569555,6.569555,200
1775038932122994644,1775038932122994644,1775038932129702438,0.000000,6.707794,6.707794,200
1775038932222568657,1775038932222568657,1775038932230470933,0.000000,7.902276,7.902276,200
1775038932512693909,1775038932512693909,1775038932518988827,0.000000,6.294918,6.294918,200
1775038932551225916,1775038932551225916,1775038932565360930,0.000000,14.135014,14.135014,200
1775038932582451255,1775038932582451255,1775038932588848792,0.000000,6.397537,6.397537,200
1775038932608434765,1775038932608434765,1775038932615510976,0.000000,7.076211,7.076211,200
1775038932745003502,1775038932745003502,1775038932753423300,0.000000,8.419798,8.419798,200
1775038932870934904,1775038932870934904,1775038932882606171,0.000000,11.671267,11.671267,200
1775038932919211124,1775038932919211124,1775038932927523372,0.000000,8.312248,8.312248,200
1775038933047331310,1775038933047331310,1775038933056896799,0.000000,9.565489,9.565489,200
1775038933103549840,1775038933103549840,1775038933112162339,0.000000,8.612499,8.612499,200
1775038933221980777,1775038933221980777,1775038933229274127,0.000000,7.293350,7.293350,200
1775038933288668734,1775038933288668734,1775038933297303380,0.000000,8.634646,8.634646,200
1775038933341304270,1775038933341304270,1775038933348140338,0.000000,6.836068,6.836068,200
1775038933372812233,1775038933372812233,1775038933382055051,0.000000,9.242818,9.242818,200
1775038933663063837,1775038933663063837,1775038933669723455,0.000000,6.659618,6.659618,200
1775038933850779011,1775038933850779011,1775038933857470535,0.000000,6.691524,6.691524,200
1775038933960783861,1775038933960783861,1775038933967503241,0.000000,6.719380,6.719380,200
1775038934054361458,1775038934054361458,1775038934061788759,0.000000,7.427301,7.427301,200
1775038934099739833,1775038934099739833,1775038934112396221,0.000000,12.656388,12.656388,200
1775038934167508742,1775038934167508742,1775038934177143453,0.000000,9.634711,9.634711,200
1775038934242273397,1775038934242273397,1775038934248933015,0.000000,6.659618,6.659618,200
1775038934348540096,1775038934348540096,1775038934356405622,0.000000,7.865526,7.865526,200
1775038934398827293,1775038934398827293,1775038934407424395,0.000000,8.597102,8.597102,200
1775038934418814560,1775038934418814560,1775038934432956207,0.000000,14.141647,14.141647,200
1775038934442257846,1775038934442257846,1775038934449295330,0.000000,7.037484,7.037484,200
1775038934736528403,1775038934736528403,1775038934745731170,0.000000,9.202767,9.202767,200
1775038935046865559,1775038935046865559,1775038935054429923,0.000000,7.564364,7.564364,200
1775038935191575525,1775038935191575525,1775038935202740602,0.000000,11.165077,11.165077,200
1775038935261318343,1775038935261318343,1775038935267872663,0.000000,6.554320,6.554320,200
1775038935284436106,1775038935284436106,1775038935293163677,0.000000,8.727571,8.727571,200
1775038935307047802,1775038935307047802,1775038935314422961,0.000000,7.375159,7.375159,200
1775038935324139971,1775038935324139971,1775038935332606469,0.000000,8.466498,8.466498,200
1775038935421221274,1775038935421221274,1775038935428895518,0.000000,7.674244,7.674244,200
